storyID,characterID,AliasCharacters,sentenceID
1,Tokoh-1,"Pan Karsa, Pan Karta","1, 9, 14, 19, 29"
1,Tokoh-2,"pianakne muani, Pianakne, pianakne","1, 11, 13, 17, 20"
1,Tokoh-3,"anake sane mentas ditu, liu anake","22, 25, 28"
1,Tokoh-4,"jerone sareng sami, jerone",29
2,Tokoh-1,"I Angsa, Angsa, angsa","1, 2, 4, 6, 7, 8, 11, 12, 13, 14, 15, 16, 17, 20, 21, 25, 26, 29, 33, 34, 35, 38, 39, 40, 41"
2,Tokoh-2,"I Kerkuak, Kerkuak, kerkuak","1, 2, 5, 8, 9, 10, 11, 12, 13, 14, 15, 17, 20, 24, 29, 30, 31, 32, 33, 34, 35, 37, 38, 39, 40, 41, 43"
2,Tokoh-3,"I Cicing gudig, Cicing, cicing gudig, cicing, cicinge to","24, 31, 33, 34, 35, 36, 37"
3,Tokoh-1,Sang Hyang Indra,"1, 5, 9, 11, 12, 13"
3,Tokoh-2,Niwatakawaca,"1, 3, 6"
3,Tokoh-3,detia,3
3,Tokoh-4,danawa,3
3,Tokoh-5,raksasa,3
3,Tokoh-6,dewa,3
3,Tokoh-7,para Rsi kahyangane,5
3,Tokoh-8,"Sang Arjuna, I Arjuna","7, 8, 13"
3,Tokoh-9,kurenan I Arjuna,14
3,Tokoh-10,dedari Supraba,11
3,Tokoh-11,"widiadarine sane ayu-ayu pitung diri, widiadarine pitung diri punika, Cening widiadari ajak pepitu, cening","11, 12, 13"
3,Tokoh-12,Tilottama,11
3,Tokoh-13,bapa,13
4,Tokoh-1,Ijo Sambu,"1, 37"
4,Tokoh-2,"I Ngurang Rangsasa, Ida Anak Agung Ngurah Rangsasa, I Ngurah Rangsasa, I Ngurah, Ngurah","3, 5, 11, 14, 15, 17, 18, 19, 20, 21, 23, 25, 27, 30, 38"
4,Tokoh-3,"I Ngurah Sawe, Ida I Ngurah Sawe, Ida Ngurah Sawe","9, 10, 36"
4,Tokoh-4,"Ida Betara, Paduka Betara, Betara","12, 16, 17"
4,Tokoh-5,Ida Sanghyang Sambu,"14, 17, 18, 20, 21"
5,Tokoh-1,"wit kepuh ageng, wit kepuhe, batan wit kepuhe","8, 9, 28"
5,Tokoh-2,"Jro panunggun kepuh, jro panunggun kepuh","10, 12"
5,Tokoh-3,"I Tumtum, Tumtum","2, 9, 22, 29, 33"
6,Tokoh-1,"I Nyoman Jater, I Nyoman jater, Nyoman Jater","2, 4, 5, 6, 8, 9, 12, 15, 35, 40, 42, 45, 47, 49, 53, 55, 57, 58, 59, 63, 65, 67, 69, 70, 71, 73, 76, 77, 80, 82, 88, 89, 94, 95, 98, 105, 107, 108, 111, 113"
6,Tokoh-2,"I Blenjo, Blenjo, Njo","2, 3, 4, 10, 16, 20, 25, 26, 30, 36, 37, 42, 43, 44, 46, 47, 48, 49, 50, 54, 56, 58, 60, 65, 66, 68, 71, 74, 77, 89, 90, 96, 97, 99, 107, 109, 117, 120"
6,Tokoh-3,tukang jaring tokal muah be bano,7
6,Tokoh-4,"Meme Wayan, Meme, Meme Nengah, meme","22, 23, 25, 27, 28"
6,Tokoh-5,"kliane, klian saren, kliane, Kliane","71, 80, 87"
6,Tokoh-6,"i pesaren, pesarene, Jero pesaren, krama pesarene","81, 82, 84"
7,Tokoh-1,"I Gancang, Beli Gancang","8, 21, 22, 28, 43"
7,Tokoh-2,"I Gancing, Gancing","8, 28, 42"
7,Tokoh-3,"I Gancung, Gancung","8, 32, 43"
7,Tokoh-4,I Taru,16
7,Tokoh-6,"adin-adinne maka dadua, adin beli ajak dadua","21, 43"
7,Tokoh-7,"beli, beline, Beli, belin icang maka dadua","24, 25, 28, 33, 43"
8,Tokoh-1,Narajana,"1, 3, 6, 7, 9, 13, 21, 25, 27, 28, 31, 32, 35, 38, 43, 49, 53, 60, 61, 71, 73, 75, 86, 90, 92"
8,Tokoh-2,"belibis putih, kedise, kedis Belibis Putih, Belibise, belibise, I Belibis Putih","25, 26, 27, 29, 30, 33, 35, 37, 39, 43, 56, 60, 63, 64, 71, 92"
8,Tokoh-3,kedis goak,39
8,Tokoh-4,Bapa,"27, 44, 46"
8,Tokoh-5,"Prabu Boya, Sang Prabu, Ida Sang Prabu","65, 75, 89"
8,Tokoh-6,cicing gudig,56
8,Tokoh-7,"pandita duang diri, panditane maka kalih, Ratu Pandita, Ratu","75, 76, 77"
8,Tokoh-8,Ane istri,69
8,Tokoh-9,Panditane ane sujati,78
8,Tokoh-10,Pandita ane siluman,"81, 88"
9,Tokoh-1,"I Belog, Belog","1, 3, 5, 8, 9, 10, 11, 12, 13, 17, 18, 20, 22, 23, 27, 28, 29, 30, 31, 33, 34, 37, 39, 42, 44, 46, 49, 51"
9,Tokoh-2,"memene, Meme, Memenne, memenne, I meme, Memene, Me, Men Belog, memene I Belog","8, 9, 11, 18, 19, 25, 26, 29, 31, 33, 34, 35, 36, 37, 39, 40, 41, 42, 43, 44, 45"
9,Tokoh-3,"kurenanne, kurenane, kurenan, kurenan I Belog","11, 17, 20, 22, 28"
9,Tokoh-4,"bangken anak luh, bangke, bangkene, anak luh jegeg pisan, Anak luh, anake luh ento, bangkene, bangke, bangken anake luh totonan","4, 5, 7, 9, 23, 24, 28, 33, 35"
10,Tokoh-1,"maharaja Pretu, Maharaja Pretu, Maharaja","1, 6, 26, 33, 38, 47"
10,Tokoh-2,"panjake, Panjake, panjak, panjaki dane","2, 3, 5, 6, 8, 11, 22, 27, 28, 31, 35, 38, 43, 44"
10,Tokoh-3,"Ida Sang Prabu, Ida Sang prabu, sang prabu, ida sang prabu, Ratu sang prabu, Ratu Sang Prabu","3, 5, 35, 42, 46, 66, 69, 73, 78, 83"
10,Tokoh-4,"Ida Batari Sri, ida batara, Ida Batara","45, 67"
10,Tokoh-5,meme,"39, 40, 41"
10,Tokoh-6,"I kedis kuteh, Kedis kuteh","49, 68"
10,Tokoh-7,"I kedis sugem, Kedis Sugem","54, 72"
10,Tokoh-8,"kedis dara, Kedis dara","59, 77"
10,Tokoh-9,"Cening, ceninge, cening","38, 39, 40, 41"
10,Tokoh-10,"kedise petang ukud, kedise","45, 66"
11,Tokoh-1,"Bhagawan Domia, Ratu Bhagawan, Ida Bhagawan Domia, Ida Hyang Bhagawan, Ida Bhagawan","1, 7, 9, 12, 18, 19, 25, 32, 35, 37, 40, 44, 49, 50, 53, 57, 59, 61"
11,Tokoh-2,"Sang Utamaniu, Sang Utamaniune, Ida Sang Utamaniu","2, 25, 28, 29, 32, 33, 34, 36, 40, 42, 43, 45, 49, 50, 52, 53, 54, 56"
11,Tokoh-3,"Sang Arunika, Ida Sang Arunika","2, 6, 10, 12, 13, 14, 16, 17, 19, 24, 27"
11,Tokoh-4,"Sang Weda, Ida Sang Weda","2, 6, 57, 58, 60, 61"
11,Tokoh-5,"Ida Dang Guru, Dang Guru, dang guru, Dang guru, dang gurujati","3, 8, 28, 31, 32, 41, 60"
11,Tokoh-6,bapa,"4, 6"
11,Tokoh-7,Sang Abimanyu,6
11,Tokoh-9,"Ceninge, Cening","22, 23, 25, 26, 27, 32, 40, 41"
12,Tokoh-1,"Men Bekung, Men Bekunge, Men bekung","1, 2, 3, 4, 5, 8, 16, 17, 23, 24, 97, 98, 101"
12,Tokoh-2,Pan Bekung,"1, 5, 6"
12,Tokoh-3,"I Bintang Lara, Bintang Lara, I Bintang Larane, adi Bintang Lara, adi, I adi, Adi Bintang Lara, Adi","8, 9, 12, 14, 17, 18, 20, 23, 25, 27, 28, 30, 35, 36, 38, 39, 43, 45, 47, 50, 52, 57, 59, 62, 67, 68, 70, 72, 79, 80, 82, 85, 92, 93, 96, 99, 100, 103, 104, 105, 106, 107, 110, 112, 114, 115, 117, 118, 119, 120, 121, 122, 123, 124, 125, 130, 131, 132, 134, 136, 137, 143, 146, 147"
12,Tokoh-4,"Anak Agung, Anake Agung, Ida Anake Agung, Ratu Anak Agung, Ratu Dewa Agung, Ratu Dewa Anak Agung, Anake agung, Ida Anak Agung, anake agung","11, 12, 14, 16, 17, 18, 20, 21, 23, 30, 36, 104, 107, 109, 110, 111, 120, 127, 128, 132, 133, 134, 142, 143, 144, 146"
12,Tokoh-5,"parekanidane, parekane, i parekan, parekan, I Parekan, Parekan-parekan","11, 12, 13, 14, 15, 16, 17, 110"
12,Tokoh-6,Anak Agung istri,21
12,Tokoh-7,"memene, Meme, meme, me","17, 25, 26, 27, 28, 93, 95, 98, 99, 101"
12,Tokoh-8,bapanne,"27, 28"
12,Tokoh-9,"anak odah, Anake odah, jero anak odah","29, 30, 33, 35"
12,Tokoh-10,"rabinida, rabin Anake Agung","9, 30"
12,Tokoh-11,"Rangsasa, I Rangsasa, I Raksasa","33, 35, 37, 40, 41, 43, 72, 73, 74, 75, 77, 78, 81, 85, 89, 90, 91"
12,Tokoh-12,"Ni Cili, Cili","35, 36, 37, 38, 40, 41, 43, 45, 72, 74, 79, 80, 82, 88, 89, 90, 104, 137, 146"
12,Tokoh-13,"widiadari ajaka lelima, dedarine buin dadua, dedarine dedari, I Dedari, Ni Dedari","51, 60, 66, 67, 68, 70"
12,Tokoh-14,"Dewi Gagarmayang,dedari Gargamayang","53, 56"
12,Tokoh-15,"Dewi Supraba, dedari Supraba, Ida Dedari Supraba, Ni Supraba, Ni supraba, dedari Suprabane","53, 55, 59, 63, 72, 79, 104, 117, 119, 123, 125, 126, 136, 139, 146"
12,Tokoh-16,"I Gagak Petak, Gagak Petak, I Gagak Petake, Gagak Petake, gagak petak, gagak petake","9, 21, 23, 30, 33, 36, 45, 46, 62, 72, 80, 85, 86, 87, 88, 89, 90, 92, 98, 103, 104, 106, 107, 109"
12,Tokoh-17,baudandanidane,132
12,Tokoh-19,"kurenanne, kurenane","2, 5, 110"
12,Tokoh-20,"Cening, cening","17, 30, 33, 34, 98, 101"
12,Tokoh-21,"pianakne, pianak Meme, pianak tiange, panakne, pianakne muani, pianak Men Bekung","8, 12, 17, 23, 94, 95, 98, 102"
12,Tokoh-22,"cucunne I Raksasa, Cucu, cucunne, Cucu, cucune","35, 40, 73, 75, 76, 83, 84, 85"
12,Tokoh-23,"Dong Kaki, Kaki, kaki, Kaki-kaki, kakine","41, 73, 74, 77, 83, 84, 90"
12,Tokoh-24,embok,36
12,Tokoh-25,"anak luh dadua jegeg-jegeg, anak luh",101
13,Tokoh-1,"Ni Murdani, Murdani","1, 4, 12, 34, 36, 40, 47, 52, 59, 61, 73, 76"
13,Tokoh-2,"Bojog lua ento,  I bojog lua","6, 13, 15, 46, 80"
13,Tokoh-3,"Sang Hyang Embang, Embang, Ida Sanghyang Embang","8, 10, 13, 62"
13,Tokoh-4,Bhatara Wisnu,"11, 16, 19, 23, 29"
13,Tokoh-5,"Kedis-kedise, Kedis","38, 46, 61, 71, 77"
13,Tokoh-6,anak jegeg listuayu ento,72
14,Tokoh-1,Pan Badung,"2, 10, 11, 17, 25, 27"
14,Tokoh-2,Ni Badung,"3, 5, 7, 8, 12, 13, 14, 17, 18, 19, 26, 27, 28, 30, 31, 34, 35, 37"
14,Tokoh-3,"bapane, bapan ipun","17, 19, 31, 34"
14,Tokoh-4,"ula aya ageng pisan, ula aya punika, ula ayane punika, Ula ayane punika, ulane punika, ula","19, 20, 21, 22, 26, 27, 29, 31, 37"
14,Tokoh-5,"pianakne, panakne, pianaknyane, pianak ipune, pianak ipun","10, 11, 13, 17, 18, 19, 20, 22, 32"
15,Tokoh-1,Men Bekung,"1, 17"
15,Tokoh-2,Ni Bulan Kuning,"4, 5, 6, 12, 14, 15, 17"
15,Tokoh-3,"I raksasa, I Raksasa, Raksasane","7, 9, 10, 12, 13, 15, 16"
16,Tokoh-1,"Cicing Alas, I Cicing Alas","1, 2, 4, 8, 16, 27, 34, 37, 43, 47, 50, 54, 63, 71, 74"
16,Tokoh-2,"Beburon di Alas Jenggala Sila, beburone","2, 28"
16,Tokoh-3,I Landak,"2, 3"
16,Tokoh-4,I Kuwuk,2
16,Tokoh-5,"Kedis Cerukcuk, I Kedis Cerukcuk","7, 15"
16,Tokoh-6,"I Lembu, Lembu","18, 22, 26, 33, 36"
16,Tokoh-7,I Kedis Cangak,"35, 38, 43, 46, 49, 52, 53, 63, 72"
16,Tokoh-8,Kedis mabatis lantang ento,64
17,Tokoh-1,"Ni Jepun, Dadong Jepun, Dadong, Dong","1, 2, 4, 8, 13, 16, 24, 27, 28, 32, 33, 34, 35, 37, 38, 41, 42, 45, 49, 52, 55, 57, 61, 63, 66, 67, 68, 71, 72, 74, 79, 81, 84, 86, 88, 89, 92, 94, 95, 96, 110, 113, 116"
17,Tokoh-2,"anak luih jegeg, anake luh ento, Anake luh jegeg ento, luh ento, anak luh jegeg","30, 31, 33, 34, 35"
17,Tokoh-3,"anak muani bajang, anake bajang ento, anake muani ento, Anake muani ento, anake ento, anak bajang ento, anake bajang ene, anak bajange ento, anak bajang, anake","58, 59, 60, 63, 66, 68, 70, 75, 79, 80, 84, 86, 87, 88, 91, 92, 93"
17,Tokoh-4,"jelema, jelema gede-gede siteng","58, 59"
17,Tokoh-5,"I krama lenan, krama desane, krama desa, Krama desa","86, 89, 94, 96, 99, 101, 105"
17,Tokoh-6,"sang natha ratu, natha ratu","97, 99"
17,Tokoh-7,Sang Maha Wirya,98
17,Tokoh-8,"Ida Sang Raja, Sang Raja, Sang Maha Raja","100, 102, 104, 110"
18,Tokoh-1,Raja Sura,"1, 2, 3"
18,Tokoh-2,Wasudewa,1
18,Tokoh-3,Dewi Pritha,"1, 3"
18,Tokoh-4,"Raja Kuntibhoja, sang raja","2, 7"
18,Tokoh-5,"Dewi Kunti, Dewi Kanti","4, 8, 9, 10, 12, 14, 16, 18, 19, 20, 22, 23"
18,Tokoh-6,Rsi Durvasa,6
18,Tokoh-7,"brahmana sakti, sang brahmana sakti, Sang Brahmana, Sang Brahma","5, 8, 9, 11"
18,Tokoh-8,"Sang Dewi, Dewi","15, 17, 20, 21"
18,Tokoh-9,"Hyang Baskara, Hyang, Betara Hyang Betara","16, 17"
18,Tokoh-10,Betara Surya,"17, 19, 21, 23"
18,Tokoh-11,"Cening, cening","18, 20, 21"
19,Tokoh-1,"sang Ekalawya, Sang Ekalawya, Ekalawya, sang ekalawya","1, 3, 4, 10, 11, 12, 18, 20, 22, 24"
19,Tokoh-2,"bhagawan Drona, Hyang Bhagawan, Sang guru Drona, Dang Hyang Drona, Sang Bhagawan, Guru Drona","1, 2, 6, 12, 13, 14, 15, 16, 19, 20, 22, 24"
19,Tokoh-3,"Sang Arjuna, Arjuna, sang arjuna, sag Arjuna, cening Sang Arjuna","5, 7, 9, 10, 12, 13, 14, 15, 17, 23"
19,Tokoh-4,"sisian Ida Bhagawan Drona, sisiane,sisian hyang bhagawan, sisia, sisian Sang Bhagawan, sisian bapa","5, 6, 15, 16, 20"
19,Tokoh-5,"Jero anak lanang, Jero",10
19,Tokoh-6,"Bapa, bapa","16, 20, 21"
20,Tokoh-1,"sang Prabu Beksa, sang prabu, Sang prabu","1, 5, 28, 32, 33, 38"
20,Tokoh-2,"Galuh Pradnyawati, Raden Galuh Pradnyawati","2, 52, 55"
20,Tokoh-3,Galuh Puspawati,2
20,Tokoh-4,Galuh Marmawati,2
20,Tokoh-5,Galuh Wijasantun,2
20,Tokoh-6,"Galuh martasari, Raden Galuh martasari","2, 21"
20,Tokoh-7,Galuh Sumanasa,"2, 15"
20,Tokoh-8,"Biang raden galun, biang Raden Galuh, biang galuh, Biang Raden Galuh, I Biang, Biang","4, 7, 8, 13, 17, 20, 22, 27, 37, 38"
20,Tokoh-9,"okan-okane, okane","4, 17, 24, 25"
20,Tokoh-10,"rakan ceninge, rakane","18, 19, 23"
20,Tokoh-11,Mbok galuh,20
20,Tokoh-12,"cening galuh, cening","18, 23"
20,Tokoh-13,"raden galuh, Raden Galuh, Raden Galuh Pitu, galuh pepitu, Galuh Pitu, Ida Raden Galuh, Raden Galuh pitu,galuh pitu punika, Raden Galuh ajaka papitu, Raden Galuh makasami, Raden Galuh Pitu makasami","11, 14, 19, 26, 34, 35, 36, 39, 40, 41, 42, 45, 47, 49, 51, 53, 59, 60, 66, 68, 72, 85, 86, 87"
20,Tokoh-14,"raksasa, I Raksasa","46, 48, 50, 62, 63, 65, 68, 71, 73, 75, 77, 80, 81, 83, 84"
21,Tokoh-1,I Getap,"1, 2, 4, 5, 6, 8, 12, 24, 25, 30, 31, 33, 37, 38, 40, 45"
21,Tokoh-2,"memene, meme","4, 12, 24, 31, 41"
21,Tokoh-3,"bapane I Getap, bapane, Bapane I Getap","14, 15, 23, 24, 31, 35, 37, 39, 41, 45"
22,Tokoh-1,"I Kedis Puuh, I Puuh","2, 3, 5, 6, 8, 9, 19, 30, 33, 34, 37, 43, 48, 52, 54, 55, 60, 62"
22,Tokoh-2,"alu gede gati, Alune ento, alu, I Alu, Alu, alune ento","11, 13, 17, 19, 20, 21, 40, 44, 46, 47, 49, 54, 63"
23,Tokoh-1,"I Balu Kawanan, Beli Kawanan","2, 5, 6, 8, 16, 18, 22, 23, 24, 26, 28, 29, 31, 33, 35, 36, 38, 40, 42, 43, 45, 47, 48, 49, 54, 58, 63"
23,Tokoh-2,I Balu Kanginan,"4, 5, 6, 7, 9, 12, 13, 16, 19, 21, 24, 27, 28, 32, 34, 37, 41, 44, 46, 48, 51, 55"
23,Tokoh-3,"Beli Wayan, Beli, Bli, beli, bli","9, 10, 11, 16, 21, 25, 28, 32, 35, 39, 40, 42, 46, 47, 50, 51, 53"
23,Tokoh-4,Luh,"10, 18, 32, 40"
23,Tokoh-5,"pianak muani, pianakne","57, 63"
24,Tokoh-1,"I Baluan, Baluan","1, 2, 3, 4, 6, 7"
24,Tokoh-2,"Ida Sang Prabu Singa, Ida Sang Prabu, ratu sang prabu, Ratu Sang Prabu, Ratu sang Prabu, Ida sang Prabu Singa","2, 3, 4, 6, 7, 13, 15, 16, 17, 19, 21, 22, 26, 30, 39, 40, 42, 46, 51, 53, 55, 58, 64, 65, 66"
24,Tokoh-3,"I Blatuk, Blatuk","3, 4, 5, 6, 10, 11, 14, 16, 17, 19, 21, 23, 25, 26"
24,Tokoh-4,"I Temisi, Temisi","20, 21, 23, 24, 25, 26, 27, 30, 33, 36"
24,Tokoh-5,"I Kunang-Kunang, Kunang-Kunang, I Kunang-kunang","31, 32, 33, 35, 36, 38, 40, 42, 46, 47, 49, 50"
24,Tokoh-6,"I Beduda, Beduda, I Bedudane, Baduda","43, 47, 48, 49, 50, 52, 55, 58, 60, 61, 62"
24,Tokoh-7,"I Sampi, Sampi, I Sampine","56, 59, 60, 61, 62, 63, 65, 67"
24,Tokoh-8,"Anake Agung, Ida Anake Agung","58, 61, 62"
25,Tokoh-1,Ida Sang Prabu,1
25,Tokoh-2,"prameswarine, Sri Prameswari","1, 3"
25,Tokoh-3,"I Basang Siap, basang siap","4, 7, 10, 11, 18"
25,Tokoh-4,I Mantri,"6, 10, 14, 16, 17, 21, 22, 27"
25,Tokoh-5,I Galuh,"22, 23"
25,Tokoh-6,"anak cerik, anak cerik bagus, anake cerik ento, anake cenik ento","14, 16, 21"
25,Tokoh-7,"pianak titiange, panake","14, 25, 26"
25,Tokoh-8,"biang I Dewane, biange",21
25,Tokoh-9,"Cening, i cening","21, 24"
26,Tokoh-1,I Belog,"1, 3, 5, 7, 10, 13, 14, 17, 19, 22, 26, 28, 29, 31"
26,Tokoh-2,Luh Sari,"1, 9, 13, 19, 26, 27, 28"
26,Tokoh-3,Pan Sari,"4, 5, 6, 9, 11, 12, 15, 16, 18, 24, 26, 31"
26,Tokoh-4,"Dewa Palsu I Belog, Dewa Palsu Belog","19, 26"
26,Tokoh-5,"Betara, Ida Betara, Ratu Betara, I Ratu","5, 7, 8, 10, 11, 16, 18"
26,Tokoh-6,pianakne,"4, 12"
27,Tokoh-1,"I Belog, Belog","1, 2, 11, 12, 13, 18, 19, 21, 22, 24, 29, 30, 31, 32, 40, 44, 45, 48, 56, 57, 64, 65, 66, 68, 71, 73, 75, 78, 79, 82, 86, 88, 89, 91, 96, 98, 104, 107, 108, 109, 111, 113"
27,Tokoh-2,"memene, Me, meme, Meme, i meme, memenne, memene I Belog","4, 10, 11, 12, 14, 15, 16, 20, 23, 24, 25, 31, 32, 33, 35, 39, 50, 55, 57, 59, 61, 64, 65, 66, 67, 69, 70, 71"
27,Tokoh-3,"kurenane, Kurenanne, knurenane, Kurenan I Beloge","71, 73, 76, 80, 81, 83, 85, 88, 97, 98, 99, 101, 102, 105, 107, 108, 113"
27,Tokoh-4,"Beli, Bli, bli","50, 73, 74, 86, 111"
27,Tokoh-5,"anak luh, Makejang anake luh, Anake luh ento, Luh","40, 45, 49, 72, 75, 111"
28,Tokoh-1,"I Belog, Belog","1, 3, 5, 6, 7, 10, 11, 12, 14, 15, 16, 21, 23, 25, 26, 27, 28, 33, 36, 41, 42, 43, 44, 45"
28,Tokoh-2,"Pan Sari, Pan sari","1, 2, 5, 6, 7, 10, 13, 15, 20, 22, 27, 30, 32, 39, 42"
28,Tokoh-3,"Luh Sari, Luh sari","2, 3, 4, 23, 25, 45"
28,Tokoh-4,"Bapa, bapa, bapanne, bapane, Bapa Pan Sari","14, 23, 24, 25, 27, 28, 30, 31, 37"
28,Tokoh-5,"panakne, pianakne","22, 42"
29,Tokoh-1,"I Belog, Belog","1, 2, 5, 9, 10, 11, 14, 15, 20, 21, 23, 25, 26, 30, 31, 32, 33, 34, 35, 37, 40, 41, 44, 46, 48, 50"
29,Tokoh-2,"memenne, Meme, Memenne, meme, meme I Belog","9, 10, 11, 21, 22, 29, 31, 32, 34, 35, 36, 37, 38, 39, 40, 41, 42, 43"
29,Tokoh-3,"bangken anak luh, bangkene, bangken anake luh ento, bangkene ento","4, 8, 27, 36, 38"
29,Tokoh-4,"Anake ento, anak luh jegeg pisan, anake luh ento, anake ento","6, 9, 13, 14, 26"
29,Tokoh-5,"kurenanne, kurenan icange","12, 20, 22, 23, 25, 31"
30,Tokoh-1,Pan Meri,"1, 2, 5, 6, 8, 9, 12, 13, 15, 17, 18, 19, 24, 25, 27, 29, 30, 32, 38, 45, 49, 51, 54, 56, 58, 60, 62"
30,Tokoh-2,"merine ento, Merine bengil ento, merine, ri, merin titiange, merin icange, meri, merine Pan Meri, meri icange, Meri icange, merine bengil ento, meri Pan Meri","4, 8, 15, 16, 19, 22, 24, 33, 36, 41, 44, 45, 48, 49, 52, 56, 59"
30,Tokoh-3,"Anake gede selem, I gede selem, I Gede selem, anake gede selem ento","30, 32, 37, 40, 41, 44, 46, 57"
31,Tokoh-1,"I Belog, belog","2, 6, 9, 10, 14, 18, 19, 22"
31,Tokoh-2,"memene, Memene","3, 4, 5, 18, 19, 22"
31,Tokoh-3,"dagang bebeke, dagang bebek","5, 6, 9, 19"
31,Tokoh-4,Jero,7
32,Tokoh-1,"I Bikul, Bikul, I bikul, bikul cenik","2, 4, 11, 12, 13, 16, 17, 18, 22, 23, 35, 39, 40, 41, 49, 50, 51, 52, 53"
32,Tokoh-2,"Semal, I Semal","5, 6, 7, 8, 11, 13, 20, 23, 35, 38, 46, 47"
32,Tokoh-3,"meong gede tur mokoh, I Meong","47, 48"
33,Tokoh-1,"kedis sangsiah luh muani, i kedis, i kedise, Kedis Sangsiah, kedis","1, 3, 6, 13, 16"
33,Tokoh-2,"bojog, bojoge, Bojog, I Bojog, I bojog","5, 6, 15, 16, 27"
34,Tokoh-1,I Botol,"1, 4, 8, 11, 17, 19, 20, 39, 40, 48, 52, 54"
34,Tokoh-2,"samong, Sang Samong, Samong, I Samong","3, 4, 8, 11, 19, 20, 25, 47, 49, 50, 52, 56"
34,Tokoh-3,I Jaran,"18, 20"
34,Tokoh-4,I Sampi,"26, 27"
34,Tokoh-5,"I Kedis Sikep, I Kedise, I Sikep",31
34,Tokoh-6,"Panak icange, panak icange","36, 37"
34,Tokoh-7,"Sang Kancil, I Kancil","40, 41, 42, 49, 51, 55, 56"
34,Tokoh-8,"manusa, manusane, I manusa","9, 10, 14, 16, 20, 25, 27, 29, 32, 34, 38, 49"
35,Tokoh-1,I Rumpuh,"4, 7, 11, 12, 14, 17, 18"
35,Tokoh-2,I Buta,"11, 12, 14, 17, 18"
35,Tokoh-3,"sudagar kacang tanah, sudagare ento","16, 18, 19"
35,Tokoh-4,"Beli, beline, Bell","4, 5, 8, 10"
36,Tokoh-1,"I Celempung, Celempung","1, 3, 9, 13, 14, 20, 23, 25, 26, 32, 34, 36, 39, 44, 45, 47, 73, 74, 78, 81, 82"
36,Tokoh-2,Ni Gadung,"2, 3, 13, 18"
36,Tokoh-3,"Kelian banjar, Jro Kelian Banjar, jro kelian, Jro kelian, jero kelian, jrone, jro kelian banjar","7, 21, 26, 30, 31, 32, 33, 37, 38, 40, 41, 43, 47, 48, 49, 51, 52, 57, 59, 61, 62, 65, 66, 69, 73, 81, 82, 83, 84, 85"
36,Tokoh-4,I Anggrek,24
36,Tokoh-5,"cicing, Cicing, cicing tiang punika,  Cicing tiange puniki, cicing caine, cicingne I Celempung, cicingne, cicinge totonan, Cicinge totonan, cicinge, Cicingne, cicing tiange, Cicing caine, cicing tiannge, kuluk tiange","16, 32, 34, 35, 38, 39, 41, 43, 45, 48, 51, 52, 53, 54, 60, 63, 72, 76, 77, 78, 83, 84, 85, 86"
36,Tokoh-6,Luh,15
36,Tokoh-7,bli,15
36,Tokoh-8,"krama, krama banjara, kramane, para krama banjara, krama banjare, krama banjar","7, 10, 19, 32, 33, 39, 43, 47"
37,Tokoh-1,"I Cicing Gudig, Cicing Gudig, Cicing gudig","1, 2, 4, 8, 9, 11, 15, 19, 25, 27, 32, 33, 34, 36, 40, 41, 42, 43, 45, 47, 48, 49, 50"
37,Tokoh-3,"Batari Durga, Ida Betari Durga, paduka Betari","7, 9, 15, 16, 17, 24, 37"
37,Tokoh-4,"Ida Sang Prabu, Sang Prabu, Ratu Sang Prabu","18, 24, 25, 26, 27"
37,Tokoh-5,"I Patih, Patih, Pepatih","16, 19, 20, 26, 27, 31"
37,Tokoh-6,"Raden Mantri, Ida Raden Mantri","38, 39, 40, 41"
37,Tokoh-7,"maadar, anake ento",6
37,Tokoh-8,"tokoh Anak Agung, Agung",34
37,Tokoh-9,okan Anak Agung,"35, 36"
37,Tokoh-10,jerone,"40, 41"
38,Tokoh-1,"cicing, I Cicing, cicinge","1, 2, 3, 4, 5, 7, 10, 11, 13, 14"
38,Tokoh-2,"kambing, I Kambing, kambinge","1, 4, 7, 8, 12, 13, 14, 15"
38,Tokoh-3,"burone, burone cenik","1, 3"
39,Tokoh-1,"I Cita, Cita","1, 3, 5, 9, 10, 11, 16, 34, 35, 40, 42, 43, 44, 49, 52"
39,Tokoh-2,"I Macan, Macan","6, 7, 9, 10, 11, 16, 19, 23, 25, 30, 40, 41, 43, 44, 45, 49, 51"
39,Tokoh-3,"Manusa, i manusa","7, 20, 26, 31"
39,Tokoh-4,I Jaran,"15, 18"
39,Tokoh-5,"I Sampi, Sampi","24, 25"
39,Tokoh-6,I Kedis Crukcuk,30
39,Tokoh-87,I Kancil,"36, 37, 38, 40, 41, 42, 45, 49, 52"
40,Tokoh-1,I Clalongan,"1, 6, 8, 12, 17, 18, 19"
40,Tokoh-2,"kedis perit, kedise","2, 13, 14"
40,Tokoh-3,petikan,2
40,Tokoh-4,glatik,2
40,Tokoh-5,sangsiah,2
40,Tokoh-6,Kakul,4
40,Tokoh-7,yuyu,4
40,Tokoh-8,udang,4
40,Tokoh-9,katake,5
40,Tokoh-10,capung,5
40,Tokoh-11,"semut anyud, I semut, I Semut","6, 7, 8, 11, 20, 21"
40,Tokoh-12,I Matul,"15, 16, 18, 20"
41,Tokoh-1,"I Congeh, Congeh","4, 5, 6, 14, 17, 26, 28, 31, 33, 35, 36"
41,Tokoh-2,"kurenan I Congeh, kurenanne","34, 35"
41,Tokoh-3,pianak ipune,17
41,Tokoh-4,somah ipune,24
41,Tokoh-5,"Ulame sane ageng punika, ulame punika, Ulame punika, ulam mewarna selem","18, 26, 27"
42,Tokoh-1,"Ni Luh Arum, Ni Luh Arume, Luh Arume, Luh Arum, Luh, Luh arum","4, 8, 11, 13, 22, 25, 26, 28, 30, 37, 38, 39, 55, 56, 60, 65, 67, 68, 70, 74, 77, 79, 80, 81, 82, 84, 88, 99, 118, 131, 132, 135, 139, 146, 147, 148, 151"
42,Tokoh-2,"bapan Luh Arum, bapa, bapane, bapanne, Bapan Luh Arum, Bapan Luh Arume, pa, Bapa","9, 10, 11, 13, 14, 20, 25, 27, 31, 32, 36, 37, 40, 48, 54, 57, 58, 74, 88, 90, 92, 93, 94, 96, 135, 136, 139, 140, 143, 145, 151"
42,Tokoh-3,"I Donglen, Gede Donglen","15, 17, 19, 24, 28, 30, 32, 35, 37, 39, 40, 42, 45, 47, 50, 53, 65, 67, 68, 71, 72, 75, 77, 78, 80, 81, 88, 99, 102, 104, 108, 117, 122, 129, 130, 134, 135, 136, 140, 141, 144, 150, 151, 152"
42,Tokoh-4,"beline, Beli, beli","22, 25, 29, 55, 63, 131"
42,Tokoh-5,"I juru pikat, I Juru pikat","45, 50, 52, 64, 66, 69, 70, 71"
42,Tokoh-6,"kedis curik lue muani, I Curik ane muani, curike ane luane, curike ane muani, jrone kedis curik, jrone, kedise, I kedis curik","105, 107, 110, 118, 121, 152"
43,Tokoh-1,"I Rajapala, Irajapala","1, 4, 5, 6, 7"
43,Tokoh-2,ken Sulasih,1
43,Tokoh-3,"I Durma, I durma, Cening Durma, cening Durma, cening","2, 3, 7, 8, 9, 10, 11, 12, 14, 15, 18, 21, 24, 25, 26, 27, 30, 31, 32, 33"
43,Tokoh-4,"memene, meme","3, 8"
43,Tokoh-5,"pianakne, pianak bapa","6, 7"
43,Tokoh-6,"bapa, Bapane, bapane","9, 12, 24"
43,Tokoh-7,"Jero Dukuh, jero Dukuh","26, 28"
43,Tokoh-8,anake agung,30
43,Tokoh-9,Para punggawa,31
43,Tokoh-10,tandamantri,31
44,Tokoh-1,"i empas luh muani, I Empas ajaka dadua luh muani, empas ajak dadua, I Empas ajaka dadua, I Empas makadadua, empase ajak dadua","1, 28, 31, 37, 40, 43, 55, 58, 59"
44,Tokoh-2,"Beli, Beli Empas, Beline","2, 4, 6, 11, 16, 22, 25, 26, 28, 30, 31, 37, 39, 41, 59, 63"
44,Tokoh-3,"empase ane lua, empas lua, Empas Lua, i empas lua, I Empas lua, Luh, empase luh","2, 3, 7, 8, 12, 21, 23, 26, 32, 36"
44,Tokoh-4,"empase muani, I Empas muani, i empas muani","16, 49, 50"
44,Tokoh-5,"i angsa luh muani, angsa mabulu putih luh muani, angsa ajak dadua","9, 13, 27"
44,Tokoh-6,"angsa muani, I Angsa muani","19, 29"
44,Tokoh-7,"Embok Angsa, Embok","22, 28, 31, 37, 39, 41"
44,Tokoh-8,I Angsa Lua,60
44,Tokoh-9,I Dakep,"44, 45"
44,Tokoh-10,"Ni Dangal, Dangal","44, 45, 46"
44,Tokoh-11,"empas, Empas, I Empas, empase","13, 16, 19, 27, 45, 57"
44,Tokoh-12,"i angsa, angsa, Angsa","16, 18, 47"
44,Tokoh-13,"kuluk medem ajaka dadua, kuluk luh muani, kuluke muani","44, 48, 58"
44,Tokoh-14,"Bapane, Pa",45
44,Tokoh-15,I Kuluk,57
45,Tokoh-1,I Durbudi,2
45,Tokoh-2,Ni Kacapa,2
45,Tokoh-3,Ni Cenkrenggi,6
45,Tokoh-4,I Cengkrengga,6
45,Tokoh-5,"I angsa, I angse, angsane punika, Beli Angsa, angsa, I Angsa","7, 10, 11, 20, 26, 31, 32, 40, 41, 43, 49"
45,Tokoh-6,"I empas, i empas, empas","4, 5, 7, 11, 25, 26, 31, 32, 37, 40, 41, 42, 44, 47, 48"
45,Tokoh-7,"Ratu, I Ratune, I Ratu","20, 21, 22, 23, 24"
45,Tokoh-8,I Angsang,"34, 41, 47"
45,Tokoh-9,Ni Angsing,"34, 38, 47"
45,Tokoh-10,I Asu,44
45,Tokoh-11,"empas kekalih lua muani, I empas makakalih","1, 12, 46"
45,Tokoh-12,"angsa akeh ipun kekalih luh muani, I angsa lua muani, I angsa lua muani makakalih","5, 48"
45,Tokoh-13,asu kakalih lua muani,33
46,Tokoh-1,"I Wayan Tigaron, I Tigaron","1, 13, 14, 21, 33, 37"
46,Tokoh-2,"I Gede Basur, I Basur","3, 17, 18, 20, 32, 34, 38, 40, 48"
46,Tokoh-3,"I Nyoman Karang, I Nyoman Karange, Nyoman Karang, Nyoman","7, 10, 20, 24, 27, 30, 31, 39"
46,Tokoh-4,"Ni Sukesti, I Sukasti, Ni Sukasti","5, 6, 14, 17, 21, 29, 30, 31, 32, 34, 39, 46"
46,Tokoh-5,I Rijasa,5
46,Tokoh-6,Ni Rempag,"9, 11"
46,Tokoh-7,Ni Subandar,12
46,Tokoh-8,Ni Garu,"12, 14, 35, 48"
46,Tokoh-9,"I Made Tanu, I Tanu","15, 16, 25, 28, 29, 31"
46,Tokoh-10,"I Wayan Tirta, I Tirta, Wayan Tirta, beli Wayan Tirta","16, 26, 28, 29, 30, 31, 34"
46,Tokoh-11,I Pondal,18
46,Tokoh-12,"Beli Gede, Beli, beli","20, 21, 22, 23, 24, 28"
46,Tokoh-13,bapa Made,29
46,Tokoh-14,"Cening, cening","34, 35"
47,Tokoh-1,"jaran, I Jaran, Jaran","1, 3, 10, 11, 15, 20, 24, 25, 27, 28"
47,Tokoh-2,"pianakne dadua lua muani, panak Nyaine buka dadua","1, 11"
47,Tokoh-3,"pianakne, panakne, panak jarane, panak Jarane, panak I Jarane, pianake, panak Nyaine, pianak kaine, panak wakene","2, 3, 5, 7, 9, 13, 14, 16, 17, 19, 20, 28"
47,Tokoh-4,inan jarane,"7, 8"
47,Tokoh-5,"I Macam, I Macan, Macan","4, 6, 8, 10, 15, 20, 24, 26, 28"
48,Tokoh-1,"Kasiapa Kepuh, Kasiape Kepuh, I Kasiape Kepuh, punyan Kasiape Kepuh","1, 3, 4, 5, 7, 11, 13, 15, 18, 19, 21, 29, 30, 31, 34, 47"
48,Tokoh-2,"kedis Goak luh muani, goak, Goak, I Goak, I Paksi Gagak, Goaknyane","2, 5, 6, 7, 8, 13, 16, 18, 19, 20, 21, 25, 27, 31, 34"
48,Tokoh-3,"I Lelipi, lelipi","18, 20, 22, 27, 28, 29, 38"
48,Tokoh-4,"Ida Sang Prabu Mangsalia, Sang Prabu Mangsalia, Dewa Sang Prabu, I Dewa, sang prabu","33, 36, 37, 38, 41, 45"
48,Tokoh-5,"Ida Pedanda, Ratu Peranda","36, 37"
48,Tokoh-6,"I naga Taksaka, I Naga taksaka, I Naga Taksaka, Naga","31, 37, 38, 43, 44, 47"
48,Tokoh-7,"pepatih idane, panjak idewane, panjak-panjak idane, Panjake sami, panjak-panjak idane, panjak-panjak","33, 38, 41, 43, 46, 47"
48,Tokoh-8,"I Rare Angon, I Rare angon","5, 6, 10"
49,Tokoh-1,"I Kecut, I kecut, Kecut","1, 3, 5, 6, 7, 8, 9, 13, 17, 19, 22, 32, 34, 38, 41, 42, 43, 45, 46, 48, 49, 50, 56, 58, 60, 63"
49,Tokoh-2,"Dadong Getget, dadong, Dadong, I Dadong, I Dadong Getget","4, 5, 6, 8, 9, 10, 11, 12, 15, 21, 22, 29, 30, 31, 35, 38, 39, 41, 42, 43, 44, 46, 47, 48, 49, 50, 56, 57, 58, 60, 61, 62, 65"
49,Tokoh-3,timpalne,"14, 20"
49,Tokoh-4,"I meme, meme, memene, memen icange","21, 22, 28, 29, 51, 52, 54"
49,Tokoh-5,"bapa, bapanne","21, 33, 42, 43, 51, 52, 54"
49,Tokoh-6,I reraman ipun,22
49,Tokoh-7,Batara Sri,"61, 65"
50,Tokoh-1,"kedis gelatik, i kedis gelatik",1
50,Tokoh-2,meme bape i kedis gelatik,2
50,Tokoh-3,"Bapa Gelatik, i Bapa Gelatik, Bapa, bape","3, 4, 5, 6, 8, 11, 13, 14"
50,Tokoh-4,"panak panak ne, panakne, panak panakne ento, panak-pamak gelatik, panak-panak cange","2, 4, 5, 10"
50,Tokoh-5,"i singa, I singa, singa","7, 9, 10"
50,Tokoh-6,"raksasa gede tur jele, raksasane ento","4, 14"
50,Tokoh-7,cening,"4, 6, 14"
51,Tokoh-1,"I Keker, Keker, I keker","1, 2, 3, 4, 8, 9, 10, 11, 12, 16, 17, 22, 23, 24, 27, 28, 30, 31, 33, 34, 35, 38, 39, 41, 45, 49, 50, 51, 53, 54, 56, 58, 59, 60, 63, 64, 65, 67, 68"
51,Tokoh-2,"I Lutung, Lutung, I Liutung","2, 4, 10, 12, 15, 16, 17, 18, 23, 25, 27, 28, 30, 31, 33, 35, 38, 39, 48, 50, 52, 54, 57, 59, 60, 61, 63, 67, 68, 69"
52,Tokoh-1,"sang prabu, Ida sang prabu, Ida Sang Prabu, Ratu Sang Prabu","1, 4, 11, 16, 20, 21"
52,Tokoh-2,"I Blanguyang, asu Blanguyang, I Blangyang","2, 7, 9, 14, 16, 17, 20, 21, 26"
52,Tokoh-3,"burone, buron","4, 5, 6, 7, 10"
52,Tokoh-4,"I Samong, I Samonge","6, 8, 11, 12, 24, 26"
52,Tokoh-5,"Kelesih, I Kelesih","11, 12, 14, 15, 17, 19, 23, 24, 25, 26"
52,Tokoh-6,"asune ento, Asune ento, asune","3, 4"
53,Tokoh-1,"punyan kepuh gede tur tegeh, I Kepuh, Kepuh","1, 2, 4, 6, 10, 15, 25, 26, 28, 29, 34, 35, 40, 44, 45, 48, 52, 75"
53,Tokoh-2,"kedis goak, I Goak, Goak, I Goal","3, 4, 10, 15, 18, 20, 29, 32, 38, 46, 47"
53,Tokoh-3,"i pangangon, I pangangon, pangangon","12, 17, 25"
53,Tokoh-4,"I Lelipi Raja, I Lelipi","33, 35, 41, 43, 46, 53, 62, 70, 74"
53,Tokoh-5,"Krama desa Mandara Giri, krama desane, para krama desane","55, 59, 64, 65, 66"
53,Tokoh-6,"Dane Bendesa Mandara Giri, Bendesa Mandara Giri","59, 64"
53,Tokoh-7,Para pacalang,60
54,Tokoh-1,I Kerug,"1, 4, 8, 10, 12, 14, 15, 17, 18, 22, 23, 25, 26, 28, 29, 32, 34, 38, 43, 51, 53, 59, 61, 62, 65"
54,Tokoh-2,kelihan desa,"16, 17"
54,Tokoh-3,"anak muani pisagane I Kerug, pisagane, Pisagane I Kerug, pisagane I Kerug","14, 58, 60, 61, 63"
55,Tokoh-1,"beburonan, beburon ane lenan, beburon, beburon ane liwat, liu burone, buron, Makejang burone, burone, para wadua burone, sarwa burone","1, 5, 7, 8, 23, 24, 26, 32, 58, 82"
55,Tokoh-2,"I Macang Poleng, I Macan","25, 31, 34, 41, 66, 72, 76, 77, 78, 79, 80"
55,Tokoh-3,"panak celeng, kucit, kucit liu, kucit ane paling mokoha, kucit ane lenan, Kucite, I Kucit","13, 16, 17, 20, 21, 22, 33"
55,Tokoh-4,"I Bojog, bojog, Bojog, bojog cekah, I Bojog Ireng","26, 27, 30, 31, 40, 41, 44, 45, 48"
55,Tokoh-5,"I Kidang, Kidang","27, 29, 31, 49, 53, 54, 60, 61, 62, 63, 68, 70, 71, 73, 76, 80, 81, 82"
55,Tokoh-6,I Kebo,27
55,Tokoh-7,I Rase,51
55,Tokoh-8,"Angsa ajak dadua, I Angsa","54, 56"
55,Tokoh-9,"macan lenan, macan ane lenan, Macane ento, macanne ento","62, 64, 65, 67, 68, 76"
56,Tokoh-1,I Lacur,"1, 8, 9, 13, 14, 16, 23, 24, 25, 27, 29, 31, 32, 35, 36"
56,Tokoh-2,"timpal-timpalne, timpal I Lacure","8, 9"
56,Tokoh-3,I Klaleng,"9, 10, 11, 13, 14, 15"
56,Tokoh-4,"Ki Dukuh Sakti, I Kaki Dukuh, Ki Dukuh, Jero Dukuh","21, 22, 25, 26, 28, 31"
56,Tokoh-5,"Ida Raden Galuh Daha, Ida Raden Galuh","30, 31, 33"
57,Tokoh-1,"I Langgana, langgana, Langgana, I Langganane","1, 4, 6, 9, 14, 16, 22, 28, 32, 34, 36, 37, 40, 45, 46, 47, 48, 52"
57,Tokoh-2,Pan Cening,"6, 27, 28, 31, 33, 34, 36, 40, 43, 45, 46"
57,Tokoh-3,"Ida Dukuh, I Kaki Dukuh","17, 25, 29"
57,Tokoh-4,"Cening Sang Langgana, Cening, cening","18, 19"
58,Tokoh-1,I Lara,"1, 2, 7, 8"
59,Tokoh-1,"Ida Betara Indra, Betara Indra, Betara indra","2, 4, 9, 14, 24"
59,Tokoh-2,"beburone, buron, baburone, para burone","2, 3, 9, 14, 15, 23"
59,Tokoh-3,I Gajah,11
59,Tokoh-4,I Macan,11
59,Tokoh-5,I kebo,11
59,Tokoh-6,"I Lelipi, Lipi, I lelipi","12, 20, 22, 23, 24"
59,Tokoh-7,lipan,12
59,Tokoh-8,celedu,12
59,Tokoh-10,"I Lasan, I lelasan, I lasan, i lasan, lelasane","16, 17, 21, 25, 26, 27, 28, 29"
59,Tokoh-11,"jeleme, jelema, jelemane, jelema ento, jelemane ento","5, 7, 18, 19, 20, 23, 27, 28"
59,Tokoh-12,"buron ajak mekejang, makejang burone, burone ane gede-gede makejang, burone gede ento","5, 10, 11, 13, 23"
60,Tokoh-1,"I Sangmong, Ida Sang Prabu, Sang Prabu I Sangmong, Sang Ratu Prabu","1, 2, 25, 32, 34, 35, 37, 41, 45, 46, 47, 48"
60,Tokoh-2,"I Lutung, Jero Lutung","2, 3, 5, 6, 8, 9, 12, 15, 17, 19, 24"
60,Tokoh-3,"I Tumisi, Tumisi","3, 4, 6, 8"
60,Tokoh-4,"I Capung Bangkok, Capung Bangkok","3, 6, 8, 9, 13"
60,Tokoh-5,"I Blatuk, Kedis Blatuk","3, 9, 12, 13, 14, 17, 18"
60,Tokoh-6,"I Kunang-kunang, Kunang-kunang","3, 15, 18, 19, 22"
60,Tokoh-7,"I Beduda, Beduda","3, 20, 22, 23, 28"
60,Tokoh-8,"I Sampi, Sampi","3, 27, 29, 30, 31, 32, 34, 37, 38, 41, 43, 49, 50"
60,Tokoh-9,"I Lelasan, Lelasan","33, 34, 35, 41, 42, 43, 45, 46, 48, 50, 51"
60,Tokoh-10,"I Lelipi, Lelipi",51
61,Tokoh-1,"I Karitaka, Sang Karitaka","3, 4, 14, 15, 22, 29"
61,Tokoh-2,"I Lelipi Gadang, Lelipi Gadang, lelipi gadang gede, I Lelipi","7, 11, 12, 14, 15, 18, 21, 23, 29, 35, 36, 37, 39, 44, 45, 47, 49, 51, 53"
61,Tokoh-3,"katak, katake, I Katak","1, 6, 8, 9, 24, 25, 26, 30, 34, 36, 38, 39, 40, 41, 43, 44, 46, 47, 48, 49, 50"
61,Tokoh-4,"Lelipine ento, lelipi, lelipine ento","8, 15"
61,Tokoh-5,katake makejang,2
61,Tokoh-6,Katake ane cenik-cenik,5
61,Tokoh-7,"retunne, ratunne, ratun katak, ratun katake, Ratun Katake, I Ratun Katak","6, 10, 11, 28, 29, 31, 32, 39, 42, 43, 46"
61,Tokoh-8,"ane ngelahang carike, anake ane ngelahang carike","51, 52"
62,Tokoh-1,"Sang Winata, Sang Winatane, sang Winata","2, 3, 6, 26"
62,Tokoh-2,"Sang Kadru, Sang Kadrune","2, 3, 7"
62,Tokoh-3,"Sang Garuda, Garuda, Dewa Sang Garuda","9, 10, 13, 15, 16, 18, 19, 20, 21, 23, 24, 26"
62,Tokoh-4,Sang Hyang Brahma,15
62,Tokoh-5,Sang Hyang Siwa,15
62,Tokoh-6,"Ida Batara Wisnu, Batara Wisnu, Ida batara Wisnu, Batara","16, 17, 19, 20, 21, 23, 28"
62,Tokoh-7,"meme, Meme, memene, memenne, memen Caine, memen tiange","4, 5, 7, 8, 9, 10, 22"
63,Tokoh-1,"I Lengar, Lengar, I Lengar paing keliha, I Lengar paling keliha, Ane paling keliha","2, 4, 8, 10, 11, 13, 18, 21, 23, 25, 26, 27"
63,Tokoh-2,"I Mandalane, I Mandala","9, 10, 20, 21, 33, 37, 38, 46, 49, 53"
63,Tokoh-3,Ni Luh Layang,"7, 8, 16, 36, 42, 45, 58"
63,Tokoh-4,I Widara,"35, 37, 43, 46, 47, 48, 51, 52, 53, 54, 55, 56, 57, 59"
63,Tokoh-5,"pianak I Mandalane, pianakne, pianak icange","7, 11, 13, 16"
63,Tokoh-6,"adin-adinne, Adi-adinne, adinne","22, 24, 30, 32"
64,Tokoh-1,"I Lutung, Lutung, Tung, I utung","2, 7, 9, 13, 22, 24, 26, 29, 30, 31, 33, 34, 37, 39, 43, 45, 48, 50, 51, 54, 58, 60, 67, 68, 73, 74, 76, 77"
64,Tokoh-2,"I Kekua, Kekua","4, 8, 13, 18, 21, 25, 29, 31, 33, 37, 40, 43, 46, 47, 49, 50, 51, 52, 60, 61, 74, 76"
65,Tokoh-1,"I Lutung, Lutung, I Lutunge","1, 2, 4, 5, 7, 15, 17, 19, 23, 24, 27, 30, 31, 32, 34, 36, 38, 39"
65,Tokoh-2,"I Kakua, I Kakuane, Kakuane, kakuane","1, 2, 6, 7, 9, 10, 12, 15, 16, 22, 23, 24, 25, 26, 29, 32, 34"
65,Tokoh-3,"Pekak Dukuh, I Pekak Dukuh, I Dukuh","4, 8, 9, 11, 14, 15, 18, 30, 37"
65,Tokoh-4,"Luh Kancrung, Luh, Luh Kancerung","11, 18, 25, 26, 28"
65,Tokoh-5,"Pekak, pekak","29, 35"
65,Tokoh-6,"cucunne, cucunne Pekak Dukuh","13, 17, 19"
66,Tokoh-1,I Menceng,"1, 2, 4, 6, 8, 9, 11, 13, 14, 15, 17, 18, 21, 23, 24, 41, 42"
66,Tokoh-2,"I Polos, Polos","1, 2, 3, 5, 6, 12, 14, 15, 18, 19, 20, 22, 25, 27, 29, 30, 38, 39, 40"
66,Tokoh-3,"Bli Menceng, bli, bline","24, 25, 30, 31, 33, 36, 37"
67,Tokoh-1,"sampi, i sampi, I Sampi","2, 3, 6, 7, 9, 14, 19, 21, 23, 24, 26, 28, 31, 41, 42, 44, 45, 46, 49, 50, 51, 55"
67,Tokoh-2,"kambing, I Kambing, I kambing","2, 9, 25, 34, 36"
67,Tokoh-3,memeri,2
67,Tokoh-4,kedis,2
67,Tokoh-5,"I Kedis Perit, Prit, I Perit","8, 25, 38, 39"
67,Tokoh-6,I Kedis Curik,"8, 25"
67,Tokoh-7,"I Kedis Goak, I Goak, Goak","10, 16, 19, 21, 22, 24, 43, 44, 48, 49, 50, 52, 54, 57, 62, 63, 66"
67,Tokoh-8,"Baburon, baburon, beburone, baburone, Baburon lenan","1, 3, 26, 28, 47"
67,Tokoh-9,baburon maawak gede tur situh ento,4
67,Tokoh-10,baburon cenikan,7
68,Tokoh-1,"I Sangging Lobangkara, Sangging Lobangkara","1, 2, 3, 10, 14, 18, 21, 27, 28, 31"
68,Tokoh-2,Bhatara klungkung,2
68,Tokoh-3,"Ida Batara, Ratu Bhatara","7, 21, 27"
69,Tokoh-1,"I Kancil, Kancil","1, 4, 5, 9, 10, 12, 14, 15, 16, 19, 21, 22, 25, 26, 28, 29, 30, 32, 33, 34"
69,Tokoh-2,"I Siput, I Siputane, Siput","6, 7, 8, 10, 11, 12, 13, 14, 15, 16, 17, 19, 21, 22, 26, 30, 31, 33, 34"
69,Tokoh-3,timpal-timpalne,"8, 12, 17"
69,Tokoh-4,siput-siput uling alase,18
69,Tokoh-5,Siput ane malunan,20
69,Tokoh-6,"sipute liu pesan, sipute liu, siput-sipute","19, 24, 25"
70,Tokoh-1,"tuma, I Tuma","1, 4, 11, 22, 29, 31"
70,Tokoh-2,"ida anake agung, Ida anake agung","20, 22, 24, 25"
70,Tokoh-3,"I Titih, Titih, Tittih, I Titih lua muani","3, 5, 11, 17, 19, 21, 22, 24, 26, 28, 31"
70,Tokoh-4,"jero gede, jerone","5, 6, 8"
70,Tokoh-5,sisian jerone,9
70,Tokoh-6,sisian I Tuma,19
70,Tokoh-7,"parekanne, Parekanne","26, 27"
71,Tokoh-1,I Pudak,"1, 9, 10, 13, 14, 40, 51, 53, 54, 55"
71,Tokoh-2,"kurenane, Kurenane","5, 6, 10, 12, 14, 42, 44, 45"
71,Tokoh-3,Ni Tuwung Kuning,"23, 39, 46, 48, 49, 50"
71,Tokoh-4,dedarine,49
71,Tokoh-5,Wayan,10
71,Tokoh-6,dadongne,25
71,Tokoh-7,"meme, Meme, memene, memen anake cerik ento, memen anake cerik","15, 19, 20, 26, 28, 31, 32, 33, 35"
71,Tokoh-8,I cening,"28, 30, 31, 32"
71,Tokoh-9,"bapane, bapanne","29, 32, 36"
71,Tokoh-10,anake cerik,"24, 27, 33, 35"
72,Tokoh-1,"I Ubuh, U-buh, Ubuh","3, 4, 6, 8, 10, 26, 29, 37, 43, 45, 51, 60, 61, 62, 64, 69, 88, 89, 90, 93, 95, 98"
72,Tokoh-2,"pekakne, Pekakne, pekak","4, 7, 9, 19, 25, 28, 29, 65"
72,Tokoh-3,"I Gede Urub, Gede Urub","54, 63, 91"
72,Tokoh-4,Sang Prabu,73
72,Tokoh-5,"Anake agung, anake agung ento","80, 83, 87, 90, 96"
72,Tokoh-6,"I Tonya, tonyane ento, tonya","38, 43, 49, 66"
73,Tokoh-1,I Wingsata,"1, 6, 16, 20, 22, 50, 54, 56, 60, 64, 66, 68, 71, 72"
73,Tokoh-2,"I Sigara, I Segara, Sigara","1, 5, 7, 8, 9, 16, 19, 27, 28, 29, 31, 40, 51, 53, 54, 57, 58, 61, 65, 76, 77"
73,Tokoh-3,"I Kaki Buyut, Ki Buyut","32, 39, 53"
73,Tokoh-4,"anake lingsir ento, anak tua matengkuluk, jero anak lingsir, anake lingsir, Jero anak lingsir, Jerone","27, 28, 29, 32"
73,Tokoh-5,"Bapa, bapa","32, 33, 36"
73,Tokoh-6,Cening,"29, 32, 33, 36"
74,Tokoh-1,"I Jayaprana, Jayaprana, I Jayaprna, I jayaprana, Jayaprane","3, 4, 5, 6, 7, 8, 9, 10, 11, 12, 14, 15, 17, 18, 19, 22, 25, 26, 29, 30, 33, 35, 36, 37, 38, 39, 41, 42, 43, 44, 47, 48, 55"
74,Tokoh-2,"Ni Layonsari, Layonsari, layonsari","13, 14, 20, 22, 25, 26, 31, 35, 41, 53, 54, 55"
74,Tokoh-3,"Ida Anake Agung, anake agung, Ida anake Agung, Ida Anake agung, Ida anake agung","5, 8, 10, 16, 21, 22, 23, 24, 26, 27, 28, 29, 30, 33, 35, 48"
74,Tokoh-4,"Jero Bendesa, Jero bendesa","17, 18, 19, 20, 22"
74,Tokoh-5,I Saunggaling,"34, 47, 48"
74,Tokoh-6,"prabekel sami, prabekel sareng sinamian, prebekel","24, 30, 33, 39, 52"
75,Tokoh-1,"gurun pagep, dane Gurun Pagep, Dane gurun pagep, dane gurun pagep","1, 5, 10, 11, 12, 13, 16, 17, 20, 21, 22"
75,Tokoh-2,"rare ngeling, rare ne ngeling punika, rarene punika, rare punika, Rarene punika","7, 8, 9, 11, 12, 19, 20, 21, 24"
75,Tokoh-3,"leyak ajak kakalih, leyak punika, Leyake punika","10, 11, 12"
75,Tokoh-4,"ni penek, Ni Penek, ni penak, penak","14, 16, 18, 21, 23"
75,Tokoh-5,"pianak ipun, pianake, pianaknyaine","18, 19, 21, 26"
75,Tokoh-6,brayan ipun ni penak,24
76,Tokoh-1,"Prabu Suliawana, Sang Prabu Suliawana, Ida Sang Prabu, Gusti Prabu","1, 7, 43, 44, 45, 46, 47, 48, 52, 53, 55"
76,Tokoh-2,"kedis Geruda, Geruda, I Geruda, kedis Gerudane, Kedis Geruda, Kedise ento","1, 2, 4, 6, 8, 12, 14, 17, 18, 21, 23, 26, 29, 33, 36, 37, 44, 48, 49, 50, 51, 53"
76,Tokoh-3,Juru borose,5
76,Tokoh-4,"Gusti Patih, pepatih, patih idane","7, 9, 47"
76,Tokoh-5,"I Bikul, bikul, Bikule, bikule, Kul","13, 16, 18, 20, 21, 22, 24, 26, 27, 30, 32, 34, 35, 36, 37, 39, 43, 45, 52, 53, 54, 55"
76,Tokoh-6,"juru carik, juru carik purine","9, 13"
76,Tokoh-7,kramane,"4, 10"
76,Tokoh-8,"panyatusan bikul, para bikule","33, 42"
76,Tokoh-9,timpal-timpalne,32
76,Tokoh-10,"panjak-panjak idane, Panjak Puri Kertha Bumine, Panjak-panjak Puri Kertha Bumi, panjak-panjak Puri Kertha Bumi, panjak idane","1, 44, 47, 50, 51, 52"
77,Tokoh-1,Ni Mesaba,"1, 5, 12, 13, 15, 19, 35"
77,Tokoh-2,Ni Wingsali,"1, 3, 5, 6, 7, 13"
77,Tokoh-3,"I Macan, macan","12, 13, 14, 15, 20, 23, 28, 32, 36, 40, 44, 45, 46"
77,Tokoh-4,"I Bojog, Bojog","21, 22, 30, 35, 41, 43, 45"
77,Tokoh-5,"memene, Meme, meme","7, 8, 9, 10, 11"
77,Tokoh-6,"Beli, beli","22, 23, 28, 30"
78,Tokoh-1,"Gajah ageng, I Gajah","1, 7, 17"
78,Tokoh-2,"I Siung, Siung","20, 22"
78,Tokoh-3,"I Paksi Siung luh, Siunge luh, luhnyane","4, 14, 18"
78,Tokoh-4,"beline, beli, Beli","5, 7, 8, 9, 23, 25"
78,Tokoh-5,meme,"15, 17"
78,Tokoh-6,Belibis Buyang kalih,19
78,Tokoh-7,"paksi Gowak Gadagan, I Gowak","19, 22"
78,Tokoh-8,paksi Belatuk,19
79,Tokoh-1,"I Kidang, I Kidange, kidang, Kidang","1, 2, 3, 4, 5, 9, 11, 12, 13, 19, 20, 22, 25, 26, 28, 30, 31, 33, 34, 35, 38"
79,Tokoh-2,"I Cekcek, cekcek, Cekcek","1, 3, 5, 9, 11, 12, 14, 17, 18, 21, 25, 26, 27, 28, 30, 31, 34, 35, 37, 38"
79,Tokoh-3,"timpale, timpalne makejang, timpalne, timpal-timpalne","2, 16, 17, 18"
79,Tokoh-4,beli,"19, 20, 21, 23"
80,Tokoh-1,"I Singa, prabu Singa, I singane, I Sing, Singa","1, 29, 30, 31, 32, 34, 35, 36, 38, 39, 40, 41, 42, 43"
80,Tokoh-2,"I lutung, I Lutung","2, 3, 4, 6, 9, 11, 13, 14, 15, 19, 20, 24, 26, 27, 28, 30, 31, 32, 34, 35, 43"
80,Tokoh-3,"I Blatuk, Blatuk","5, 6, 7"
80,Tokoh-4,I kekawa,7
80,Tokoh-5,"I tumisi, Tumisi, I Tumisi","9, 10"
80,Tokoh-6,"i kunang-kunang, I kunang-kunang, I Kunang-kunang","10, 11, 12, 13, 15, 16"
80,Tokoh-7,"I Beduda, beduda","17, 19, 21, 22"
80,Tokoh-8,"I Lembune, I Lembu, lembu, Lembu","24, 26, 27, 28, 31, 32, 33, 34, 35"
80,Tokoh-9,"I Lelasan, Lelasan","33, 34, 35, 36, 38, 40"
80,Tokoh-10,"jero pecalang, jerone, jero pecalang","7, 8, 10, 15, 16, 18, 22, 27"
81,Tokoh-1,"I Lutung, Lutung","1, 2, 3, 5, 6, 9, 10, 11, 12"
81,Tokoh-2,"I Beduda, Beduda, beduda","4, 5, 6, 7, 9, 10"
82,Tokoh-1,"I Lutung, Lutung","1, 2, 4, 5, 9, 11, 12, 14, 16, 18, 21"
82,Tokoh-2,"I Kekua, Kekua","1, 2, 5, 6, 7, 8, 9, 11, 12, 13, 14"
82,Tokoh-3,"dane Dukuh Kantrungan, Jero Dukuh, dukuh Kantrungan, jero, Dukuh Kantrungan, dane dukih, dane jero Dukuh, Jero Dukuh Kantrungan, dane Jero Dukuh Kantrungan","3, 5, 8, 16, 18, 20, 22"
82,Tokoh-4,"Luh Ayu Kantrungan, Luh Ayu, Ni Ayu Kantrungan","7, 9, 10, 14"
83,Tokoh-1,"I Lutung, Sang Lutung","1, 2, 3, 5, 11, 12, 15, 17, 19, 20, 22, 24, 26, 27, 28, 29, 30"
83,Tokoh-2,"I Kekua, Kekua, I kekua","1, 2, 4, 5, 12, 21, 23, 24, 27"
83,Tokoh-3,I Kaki Perodong,"19, 26, 29, 31"
84,Tokoh-1,I Lutung,"1, 2, 5, 9"
84,Tokoh-2,"I kambing, kambing, I Kambing","1, 2, 4, 5, 7, 9, 10, 11"
85,Tokoh-1,"I Lutung, Lutung, Tung","2, 6, 16, 18, 20, 23, 24, 27, 32, 33, 34, 41, 43, 45, 48, 49, 51, 53, 54, 57"
85,Tokoh-2,"I Kancil, Kancil, Cil","2, 5, 6, 7, 9, 12, 15, 16, 22, 24, 25, 28, 31, 32, 33, 44, 47, 50, 51, 56"
86,Tokoh-1,"macan, I Macan, Macan","1, 2, 4, 5, 6, 7, 8, 13, 14, 16, 17, 18, 20, 26, 27, 28"
86,Tokoh-2,"meng, I Meng, Meng, adi Meng","1, 4, 10, 12, 13, 14, 15, 17, 18, 19, 23, 27, 28, 31, 32"
86,Tokoh-3,"belie, i beli, bli","21, 24, 25"
86,Tokoh-4,"burone lenan, Burone ane lenlenan, burone, buron","5, 7, 9"
87,Tokoh-1,"Maya Danawa, Sang Maya Danawa, Sang Prabu Maya Danawa, I Maya Danawa, I Maya danawa","1, 2, 3, 4, 14, 16, 18, 25, 26, 28"
87,Tokoh-2,para ratu,3
87,Tokoh-3,"Sang Kul Putih, Sang Kul Putihe","8, 9, 13, 15"
87,Tokoh-4,"Ida Bhatara Indra, Ida Batara Indra, Ida Bhatara Indrane","12, 14, 17, 18, 19, 23, 26, 27"
87,Tokoh-5,"Kala Wong, I Kala Wong","18, 21, 25, 26"
87,Tokoh-6,patihnyane,"18, 28"
87,Tokoh-7,"para panjake,Panjake, panjake, panjaknyane, para panjak suargane, panjak Ida Bhatara Indrane","5, 6, 8, 18, 19, 20, 21, 22, 23"
87,Tokoh-8,"Cening, Ceninge",15
87,Tokoh-9,para janane,"10, 13"
88,Tokoh-1,"Pan Brayut, De Brayut","10, 13, 26, 31, 32, 33, 41, 42, 43, 45, 47, 54"
88,Tokoh-2,Men Brayut,"14, 19, 23"
88,Tokoh-3,"Pangerain Jempong, Pangeran Jembong","32, 39"
88,Tokoh-4,"pianakne, pianake, pianak, pianakne Pan Brayut, pianak-pianakne, pianak-pianak Pan Brayut","7, 14, 17, 18, 20, 25, 26, 28, 29, 31, 40, 43, 45, 46, 47, 52, 54"
88,Tokoh-5,"bapanne, Bapanne, i bapa","19, 24, 25, 43"
88,Tokoh-6,"Memene, i meme","18, 24"
88,Tokoh-7,"Jero Wayan, Jerone",42
88,Tokoh-8,"mantune, mantu, Mantunne luh muani, matunne, mantunne","31, 40, 42, 43, 44, 45, 46, 47, 54"
89,Tokoh-1,Men Sugih,"1, 2, 6, 10, 13, 14, 15, 16, 18, 20, 24, 30, 32, 36, 37, 39, 40, 42, 43, 44"
89,Tokoh-2,"Men Tiwas, Tiwas","1, 3, 4, 5, 6, 7, 9, 11, 12, 15, 17, 18, 19, 21, 22, 23, 25, 26, 27, 29, 30, 32, 33, 39, 41"
89,Tokoh-3,"Sang Kidang, kidang","23, 27, 33, 38, 41"
90,Tokoh-1,"Nang Cubling, Nang Cublinge","1, 2, 4, 6, 7, 8, 11, 12, 13, 14, 17, 18, 20"
90,Tokoh-2,"bojog, I Bojog, bojoge, Bojoge","2, 3, 5, 6, 8, 11, 16, 17, 20, 21, 22"
90,Tokoh-3,"kurenanne, Kurenan icange","13, 16"
90,Tokoh-4,Men Cubling,"15, 16, 19, 21"
90,Tokoh-5,bojog gede,"2, 4"
90,Tokoh-6,bojog cenik,7
90,Tokoh-7,"bojog ajaka liu, Makejang bojoge, bojoge makejang, Bojog makejang","15, 18, 19"
91,Tokoh-1,Ni Bawang,"2, 7, 8, 13, 14, 15, 16, 19, 20, 23"
91,Tokoh-2,Ni Kesuna,"2, 7, 12, 13, 22, 23, 25, 28"
91,Tokoh-3,"meme, memene, memenne","11, 13, 25"
91,Tokoh-4,"kedis crukcuk kuning, Kedis Crukcuk Kuninge, I Kedis Crukcuk Kuning, I Crukcuk Kuning","17, 18, 26, 27"
91,Tokoh-5,embokne,"22, 24"
92,Tokoh-1,"Ni Daha Tua, Daha Tua","1, 4, 9, 11, 12, 18, 20, 23, 26"
92,Tokoh-2,Pan Bergah,"9, 10, 12, 13, 14, 18, 19, 21"
92,Tokoh-3,"anak istri sampun lingsir, anake lingsir punika","23, 57"
92,Tokoh-4,"anake jada punika, anake jada","25, 26, 40, 75, 77, 78, 79"
92,Tokoh-5,"sudagare, Sudagare, sudagar, I Sudagar","33, 36, 41, 43, 52, 55, 56, 58"
92,Tokoh-6,"Pepatih Agung, patih, I Patih Agung","45, 54, 61, 64"
92,Tokoh-7,Pepatih Ida Sang Anyakrawerti,46
92,Tokoh-8,Ida Sang Maha Patih,51
92,Tokoh-9,"anake agung, Agung, Ida Anake Agung, Anak Agung","53, 62, 66, 69, 75, 77, 79, 83"
92,Tokoh-10,"anake odah, Anake odah punika","55, 56"
92,Tokoh-11,"Ratu, ratu, para ratu, para ratune","64, 65, 67, 69, 73"
92,Tokoh-12,Ida Sang Prabhu,"74, 75"
93,Tokoh-1,"sang nata Prabu Aiswaryadala, ida Sang Prabu Aiswaryadala, sang prabu Aiswaryadala, Aiswaryadala","5, 11, 25, 51"
93,Tokoh-2,"sang prabu, ida sang prabu, Sang prabu, prabu","2, 3, 13, 15, 22, 26, 27, 28, 30, 34, 47, 48"
93,Tokoh-3,"Ki Patih Bandeswarya, KI patih Bandeswarya, KI Bandeswarya","6, 7, 8, 12, 14, 15, 17, 23"
93,Tokoh-4,para punggawa,7
93,Tokoh-5,para tanda mantri,7
93,Tokoh-6,Ni Diah Tantri,"8, 10, 11, 19, 20, 22, 25, 27, 28, 30, 31, 35, 36"
93,Tokoh-7,para wikune,10
93,Tokoh-8,I Gusti Ayu Biang,"19, 23"
93,Tokoh-9,biange,20
93,Tokoh-10,"ajine, Ajindane","19, 20, 21, 22"
93,Tokoh-11,"panyeroane, i panyeroan, I panyeroan, panyeroan asiki","27, 32, 33, 34, 35"
93,Tokoh-12,"Bagawan Daksa, Ida Bagawan Daksa","48, 49"
93,Tokoh-13,Dewi Nilawati,48
93,Tokoh-14,ida sang prabu Aji Darma,42
93,Tokoh-15,"Maharaja Manu, Ida Sang Prabu Manu","49, 50"
93,Tokoh-16,Maharaja Ikswaku,"50, 51"
93,Tokoh-17,para istrine,16
93,Tokoh-18,parekan,31
94,Tokoh-1,"Ida Sang Prabu Daha, Ida Sang Prabu, Sang Prabu, Ratu Sang Prabu","2, 21, 25, 29, 32, 44, 45, 46, 48, 49, 50, 51, 53"
94,Tokoh-2,"Ida Raden Galuh Daha, Ida Raden Galuh, Raden Galuh, Ida Raden Gal uh, I Galuh Daha, Cening Nanak Galuh","4, 5, 6, 7, 8, 10, 11, 12, 13, 27, 30, 34, 36, 37, 38, 40, 41, 42, 43, 45, 47, 48, 49, 50, 54"
94,Tokoh-3,biangida,4
94,Tokoh-4,"Mantri koripan, Raden Mantri, Ida Raden Mantri, I Mantri Koripan, mantri Koripan","6, 8, 12, 15, 17, 24, 28, 31, 32, 33, 35, 36, 38, 42, 43, 44, 45, 47, 48, 54"
94,Tokoh-5,"Men Bekung, Men Bekunge","11, 27"
94,Tokoh-6,I Punta Jrudeh,17
94,Tokoh-7,"Prameswari, kalih prameswari","21, 46, 48, 49, 50, 53"
94,Tokoh-8,putrane,"21, 32"
94,Tokoh-9,"baliane, balian","21, 22"
94,Tokoh-10,"Ni Dukun Sakti, Jero Dukun, Jerone","27, 38"
94,Tokoh-11,"bapa, Bapa",49
94,Tokoh-12,I Aji,49
94,Tokoh-13,prabunidane,"18, 20"
94,Tokoh-14,parekanidane,6
94,Tokoh-15,"anake tua ento, anak tua","29, 30, 32"
94,Tokoh-16,"anake luh ento, anake luh","35, 40"
95,Tokoh-1,"para dewatane, para dewata","1, 3"
95,Tokoh-2,"Detia, detia","1, 3"
95,Tokoh-3,danawane,"1, 3"
95,Tokoh-4,"Sangiang Narayana, Sang","2, 4"
95,Tokoh-5,Sang Ananta Boga,8
95,Tokoh-6,Sang Akupa,11
95,Tokoh-7,Sanghiang Indra,12
95,Tokoh-8,Sanghiang Basuki,13
96,Tokoh-1,"Pan Angklung Gadang, Bapa Angklung Gadang, Pan Angklung Gadange, Angklung Gadang, I Angklung Gadang","1, 3, 4, 5, 6, 7, 8, 9, 10, 12, 14, 16, 18, 19, 21, 22, 23, 25, 26, 28, 31, 32, 34, 48, 50, 53, 54, 56, 58, 59, 62, 63, 64, 67, 68, 69, 70, 91, 92, 96, 97, 98, 100, 101, 102, 103, 106, 111, 112, 114, 117, 118, 121, 127, 128, 129, 130, 145"
96,Tokoh-2,"Ida Anake Agung, Ida, Ratu Dewa Agung, Idane","4, 5, 6, 9, 10, 12, 14, 20, 23, 28, 31, 32"
96,Tokoh-3,"kurenannya, kurenanne, Kurenanne","32, 35, 96, 99, 100, 117, 118, 119, 124"
96,Tokoh-4,"krama banjare, kramane, Krama banjare, krama banjar, Krama banjar","37, 53, 58, 102, 104, 105, 106, 110, 112, 113, 115"
96,Tokoh-5,"Jro Kelian, Jero Kelian, Jero Klian, Jero Kalian, jero, jerone","37, 44, 53, 103, 104, 106, 111, 114, 116"
96,Tokoh-6,I Sendi,38
96,Tokoh-7,I Tampul,41
96,Tokoh-8,I Lambang,45
96,Tokoh-9,"kulukne, Kuluk, kuluk, kuluke","50, 51, 52, 60, 63, 64, 65, 67, 70, 71, 73"
96,Tokoh-10,"cicingne, cicing, Cicingne","55, 56, 58, 60, 61, 69, 73, 76, 77, 78, 79, 80, 82, 83, 84, 85"
96,Tokoh-11,"I Wayan Sebetan, Jero Wayan","62, 63, 65, 67, 68, 70, 72, 76, 79, 81, 82, 84, 85, 86, 90"
96,Tokoh-12,"bapane, bapa, Bapa, Bapane","64, 67, 92, 93, 94, 95, 106, 107, 109, 110, 116"
96,Tokoh-13,dagang nasine,76
96,Tokoh-14,Memenne,"96, 100, 117"
96,Tokoh-15,I Giur,"126, 127, 128, 129, 131, 134, 135, 136, 138, 142, 145, 149"
97,Tokoh-1,"Pan Balang Tamak, Pan Balang Tamake","1, 5, 8, 9, 11, 12, 15, 16, 17, 18, 24, 25, 26, 28, 29, 32, 34, 36, 40, 41, 42, 44, 46, 48, 50, 51, 52, 53, 56, 57, 58, 59, 61, 63, 64, 65, 67, 68, 70, 71, 75, 77, 78, 80"
97,Tokoh-2,"krama desane, kramane, Krama desane","15, 33"
97,Tokoh-3,klihan desane,18
97,Tokoh-4,"panyarikan desane, jero panyarikan, jerone, jero desa, jero, penyarikanne, Jerone","9, 19, 20, 46, 53, 54, 63, 65, 66"
97,Tokoh-5,"anak makita masakit basang, anake ne masakit basang","63, 64"
97,Tokoh-6,timpalne,"39, 87, 89, 90"
97,Tokoh-7,kurenan Pan Balang Tamake,86
97,Tokoh-8,anake agung,"69, 81, 84"
97,Tokoh-9,"kurenanne, kurenan","71, 86"
97,Tokoh-10,Men Balang Tamak,"76, 84"
97,Tokoh-11,jero mangku,93
98,Tokoh-1,"Pan Jempenit, pan jempenit, Pan jempenit","1, 2, 3, 5, 10, 15, 18, 19, 24, 28, 32, 37, 41, 49, 50, 54, 62, 64, 68, 69, 121, 123, 125"
98,Tokoh-2,"Men Jempenit, Men jempenit","1, 46, 47, 48, 54, 57, 58, 60, 61, 65"
98,Tokoh-3,"anak ngaba lelipi, anake ngaba lelipi, anak makta lelipi matali","2, 4, 9, 15"
98,Tokoh-4,jero,4
98,Tokoh-5,"naga ngredep janggarne, nagane","12, 21, 29"
98,Tokoh-6,cucun kaine,15
98,Tokoh-7,"lelipine, lelipi","4, 5, 8, 10, 20"
98,Tokoh-8,kurenane,"34, 50, 64"
98,Tokoh-9,bapane,"37, 66"
98,Tokoh-10,memene,"39, 53, 65"
98,Tokoh-11,dagange,48
98,Tokoh-12,"pandene, pande","58, 59, 67, 68"
98,Tokoh-13,"i bikul, bikul","70, 71, 76, 78, 79, 81, 87, 90, 92, 97, 125, 126, 129, 134, 143"
98,Tokoh-14,"i meong, I meong, meong, i meonge","70, 71, 73, 76, 80, 81, 90, 91, 92, 95, 97, 100, 102, 103, 105, 112, 119, 120, 121, 122, 128, 129, 132, 134, 135, 136, 137, 138, 139, 143"
98,Tokoh-15,"i cicing, cicing, I cicing","69, 70, 71, 73, 77, 81, 85, 86, 90, 124, 127, 128, 135, 138, 139, 141, 142, 143"
98,Tokoh-16,"timpalne, timpal-timpalne","71, 75, 82, 120"
98,Tokoh-17,"kedis muwun, i kedis muwun, i kedis muun","101, 103, 105, 108, 111, 112, 118, 119"
98,Tokoh-18,"i dadeleg, i deleg, deleg","108, 109, 112, 114, 118"
98,Tokoh-19,putun idewane,16
98,Tokoh-20,ane muani,"40, 57"
99,Tokoh-1,"Pan Poleng, pan Poleng, Pan Polenge totonan","1, 2, 3, 4, 6, 7, 9, 10, 12, 13, 14, 15, 16, 17, 20, 23, 24, 25, 28, 31, 32, 34, 36, 44, 48, 49, 85, 86"
99,Tokoh-2,"Men Poleng, men Poleng","2, 3, 20, 32, 35, 45, 48, 49, 82, 85, 86"
99,Tokoh-3,"kurenanne, kurenane","18, 34"
99,Tokoh-4,"anak ngba cicing berag, anake ngabe cicinge totonan",6
99,Tokoh-5,anak ngbe meyong,9
99,Tokoh-6,"anak ngabe bikul, anake ngbe bikule ento","11, 12"
99,Tokoh-7,anak lakar ngematiang lipi,14
99,Tokoh-8,"anake totonan, anake ento, anake","6, 9, 14, 16"
99,Tokoh-9,"Lipine, lelipine, lipine entto, Lipine totonan, lipi, lipine to","14, 19, 21, 23, 28, 32"
99,Tokoh-10,"kaki, kakine, Kaki","24, 29"
99,Tokoh-11,"pandene, Pandene, pandene ento","38, 39, 40, 41, 42, 43, 44, 45, 47, 51, 55, 61"
99,Tokoh-12,"cicinge, cicicnge, I cicing, cicing, I cicinge, cicing berag gatine; cicing berag; cicinge ento; cicinge, cicinge to","6, 7, 19, 21, 50, 51, 53, 54, 58, 62, 63, 67, 68, 69, 74, 81, 85"
99,Tokoh-13,"meyonge, I meyong, meyong, i meyong, meyong, meyonge ento, meyong tiange, meyonge ento","9, 19, 21, 50, 51, 56, 57, 62, 63, 67, 68, 69, 76, 77, 78, 79, 80, 81, 85"
99,Tokoh-14,"bikule, bikul, I bikul, bikule totonan, bikul, bikule ento","11, 12, 19, 21, 50, 51, 57, 62, 63, 67, 68, 81, 85"
99,Tokoh-15,"timpal-timpalne, timpalne","53, 54, 58, 68, 81"
99,Tokoh-16,"gadagan sarapa, I gadagan, gadagane, gadaganne","76, 77, 78, 79, 80"
100,Tokoh-1,Pan Tuung Kuning,"1, 2, 10"
100,Tokoh-2,Men Tuung Kuning,"1, 5"
100,Tokoh-3,"bikul, I Bikul, Bikule ento, bikule ento","3, 8, 9, 10, 11, 12, 22"
100,Tokoh-4,"Mantri Koripan,  Ida Mantri Koripan","13, 38"
100,Tokoh-5,"Raden Galuh, Cening Galuh, cening","18, 20, 25, 26, 27, 31, 36"
100,Tokoh-6,"rabi Mantri Koripan, rabin idane","4, 14, 15, 16"
100,Tokoh-7,"i biang, biang ceninge, biange, biangne, biang","18, 20, 22, 23, 35"
100,Tokoh-8,"Aji, aji, ajin idane","18, 19, 26, 28, 32, 35"
100,Tokoh-9,"okan idane, okane","17, 33, 34, 35, 36, 37"
101,Tokoh-1,Pan Mangut,"1, 3, 5, 6, 8, 10, 13, 14, 17, 19, 21, 22, 27, 28, 31, 32, 34, 35, 40, 41, 43, 45, 46, 47, 48"
101,Tokoh-2,Jro Kelihan Desa,"5, 7, 10, 11, 13, 14, 15, 17"
101,Tokoh-3,"Liu anake, liu anake, anak makita matakon","41, 45, 47"
101,Tokoh-4,krama desane,55
102,Tokoh-1,"I Kedis cangak, I Kedis Cangak, Sang Cangak, sang cangak, Sang cangak, sang cangake","1, 4, 6, 7, 8, 11, 12, 21, 23, 25, 28, 31, 32"
102,Tokoh-2,"padanda baka, Sang Pedanda Baka, pedanda baka","1, 17, 23"
102,Tokoh-3,"ulame, ulam, akeh ulame, para ulame, makasami ulame, Makasami ulame, ulame sami, Para ulame","2, 4, 6, 7, 11, 13, 14, 15, 16, 20, 21, 28"
102,Tokoh-4,para mendega,14
102,Tokoh-5,"i yuyu, sang yuyu, I yuyu","22, 24, 26, 28, 29, 31, 32"
102,Tokoh-6,bapa,"8, 9, 10, 11"
103,Tokoh-1,Prabu Pajajaran,1
103,Tokoh-2,"Raden Jajarpikatan, Ida Raden Jajarpikatan","1, 5, 6, 8, 9, 15, 24, 31"
103,Tokoh-3,tukang tenung,"4, 5"
103,Tokoh-4,"Widiadari Nilotama, Widiadari","11, 12, 14, 16, 17, 20, 21, 22, 24, 28, 29, 30"
103,Tokoh-5,Raden Bang Paguyangan,21
103,Tokoh-6,okan beline,"22, 30"
103,Tokoh-7,"rabine, rabinida","22, 24, 26, 30, 31"
103,Tokoh-8,"jerone, Jerone","16, 17, 18, 19, 20"
103,Tokoh-9,"Beli, beli","22, 30"
104,Tokoh-1,Sang Prabu Manu Tuturan Surya Wangsa,2
104,Tokoh-2,Sang Prabhu Dasaratha,"3, 13"
104,Tokoh-3,"para baudanda, baudandan Ida","11, 17"
104,Tokoh-4,"para wikune, para wiku, wikune","11, 17, 19, 20"
104,Tokoh-5,"Ida Sang Prabhu, Sang Prabhu","5, 15, 26"
104,Tokoh-6,para panjake,"15, 22"
104,Tokoh-7,Panangkilane,"14, 17"
104,Tokoh-8,lanang-lanang,18
104,Tokoh-9,istri-istri,18
104,Tokoh-10,Para bala wargin Ida,19
104,Tokoh-11,para agung,19
104,Tokoh-12,"Ida Rsi Srengga, Ida Rsi","20, 21, 24, 25"
104,Tokoh-13,Ida Bhatara Brahma,"24, 25"
104,Tokoh-14,Sang Rama,29
104,Tokoh-15,Sang Bharata,29
104,Tokoh-16,Sang Laksmana,29
104,Tokoh-17,Ida Sang Satrugna,29
104,Tokoh-18,pramisuarin Ida Sang Prabhu,27
104,Tokoh-19,"rabin Ida Sang Prabhu, para rabin Idane",10
105,Tokoh-1,"Ida Sang Prabhu, Ida Sang Prabhune, Ida sang Prabhu, Prabhune","1, 2, 20, 287, 289"
105,Tokoh-2,"Ida Raden Galuh Daha, I Nanak Galuh, Raden Galuh, Ida Raden Galuh, Raden Galuhe, Raden Galuh, Galuh Daha, raden galuh, I Raden Galuhe, I Radem Galuh, i raden galuh, ratu Raden Galuh, galuh Daha, I Galuh Daha","3, 6, 8, 12, 14, 16, 18, 19, 20, 22, 24, 25, 31, 32, 33, 34, 36, 46, 47, 48, 49, 52, 60, 62, 64, 73, 75, 80, 86, 90, 95, 96, 97, 98, 102, 103, 104, 114, 121, 148, 149, 150, 151, 153, 160, 163, 180, 181, 182, 188, 195, 197, 199, 205, 206, 214, 216, 218, 219, 226, 229, 231, 237, 241, 243, 249, 250, 253, 257, 258, 259, 260, 264, 274, 275, 276, 277, 284, 286, 287, 288"
105,Tokoh-3,"ajine, Ratu aji",4
105,Tokoh-4,"anake agung, Ratu Dewa Agung","6, 16, 17, 18, 267, 271"
105,Tokoh-5,"panyrowane, panyrowan","6, 8, 12, 15, 17"
105,Tokoh-6,I Nginte,"8, 14"
105,Tokoh-7,"I Ngemban, Ngemban","8, 14"
105,Tokoh-8,"I Sampi Wadak, I Sampi, Jro Sampi, I Sampine, Sang Sampi, Sampi, I sampi, I sampi wadak, sampi wadak, I Sampi Wadake","22, 24, 25, 26, 27, 29, 30, 31, 32, 35, 39, 41, 48, 49, 50, 51, 56, 57, 59, 60, 63, 64, 66, 70, 71, 72, 73, 74, 78, 79, 80, 82, 83, 84, 89, 92, 94, 95, 97, 99"
105,Tokoh-9,"Jro Istri, Jrone",26
105,Tokoh-10,"okan Sang Prabhu Daha, okane","27, 287"
105,Tokoh-11,"Me Lutung, I Lutung, Lutung, Men Lutunge, I Lutunge, meme Lutung, me Lutung","35, 36, 37, 42, 46, 47, 50, 51, 52, 53, 57, 58, 62, 63, 71, 73, 74, 75, 79, 81, 82, 83, 84, 85, 88, 102, 103, 106, 108, 112, 113, 114, 117, 120, 122, 130, 137, 140, 142, 143, 146, 157, 159, 162, 163, 164, 176, 180, 184, 185, 186, 196, 197, 198, 200, 201, 205, 208, 209, 211, 217, 225, 227, 231, 239, 242, 244, 250, 257, 259, 262, 263, 282, 283, 284, 285"
105,Tokoh-12,"Ratu Dewa Ayu, I Dewa Ayu, Ratu dewa ayu, dewa ayu, ratu dewa ayu","38, 43, 124, 165, 173, 204, 230, 232, 245"
105,Tokoh-13,bapa,"99, 253"
105,Tokoh-14,"I Mantri Koripan, I Mantrin Koripan, ida mantrin Koripan, Ida Raden Mantri, ida Raden Mantri, Raden Mantri, I Raden Mantri","100, 255, 257, 265, 270, 273, 274, 275, 277, 280, 286, 288"
105,Tokoh-15,"Kedis-kedise, Kedise, kedis, kedise","104, 106, 108, 109, 110"
105,Tokoh-16,"I Rangsasam I rangsasa, I Rangsasane","167, 184, 208, 252"
105,Tokoh-17,"meme, memene","123, 164, 166, 170, 171, 176"
105,Tokoh-18,"I Patih, Kaka patih, kaka patih","265, 266, 268, 269, 270"
105,Tokoh-19,parekane,"283, 284"
105,Tokoh-20,"Prameswari, Ida Prameswari","287, 289"
106,Tokoh-1,"Ingtai Nyonyah, Nyonyah Ingtai, Nyonyah Ingati, Ni Ingtai, I Nyonyah Ingtai, Ni Nyonyah, Ni Nyonyah Ingtai","1, 2, 3, 4, 5, 8, 10, 11, 14, 16, 18, 19, 20, 22, 23, 25, 26, 28, 29, 30, 31"
106,Tokoh-2,biang,"2, 3"
106,Tokoh-3,ajine,"2, 3"
106,Tokoh-4,I Babah Sampik,"5, 8, 10, 12, 14, 17, 18, 19, 21, 23, 24, 25, 26, 27, 28, 31"
106,Tokoh-5,I Congliwat,19
106,Tokoh-6,"I Bandar Macun, I Macun","29, 31"
107,Tokoh-1,"Sang Prabhu Aji Dharma, Sang Prabhu Aji Dharma Wirosa, Sang Prabu Aji Dharma, Sang Aji Dharma","1, 9, 10, 29, 30"
107,Tokoh-2,"Ida Sang Prabhu, sang Prabhu, Sang Prabhu, Sang Prabu, Ida Sang Prabu, Dewa Sang Prabhu, I Dewa","6, 11, 13, 14, 15, 17, 19, 20, 22, 25, 31, 32, 34, 35, 36"
107,Tokoh-3,"Tandamantri, tanda mantrinida, tanda mantrine","2, 11, 17"
107,Tokoh-4,Baudanda,2
107,Tokoh-5,"panjakidane, panjake","2, 18, 19, 31, 37"
107,Tokoh-6,"para istrine, sang isteri",24
107,Tokoh-7,para buronne,5
107,Tokoh-8,parekane,5
107,Tokoh-9,"Ida Ula Deles, Ula Deles","7, 8"
107,Tokoh-10,"Naga Gini, Sang Naga Gini","7, 8, 9"
107,Tokoh-11,Sang Ananta Boga,"9, 10, 11, 12, 13"
107,Tokoh-12,"prameswari, prameswarine","18, 19"
107,Tokoh-13,"i cekcek luh, cekceke, cekcek, cekcek luh","20, 21, 25, 26"
107,Tokoh-14,muanine,"20, 25"
107,Tokoh-15,"rabinne, rabi","20, 21, 22, 26, 28, 29, 31, 35"
107,Tokoh-16,"Bli Aji Dharma, Beli, beli, Bli","23, 24, 25, 26, 35"
107,Tokoh-17,kambing,32
107,Tokoh-18,I Kambing muani,33
107,Tokoh-19,kurenane,33
107,Tokoh-20,"Luh, I Kambing Luh","34, 35"
107,Tokoh-21,Ida Pedanda Siwa Budha,38
107,Tokoh-22,adi,"25, 27"
107,Tokoh-23,putran Sang Ananta Boga,7
108,Tokoh-1,"para krama ring Majeti, ikrama","4, 9"
108,Tokoh-2,"Sang Aji Saka, Aji Saka","5, 6, 8, 11, 12, 13, 14, 18, 26, 29, 31, 33, 34, 35, 38, 40, 41"
108,Tokoh-3,"I Sambada, Bapa Sambada, I sambada","6, 12, 35, 36, 38"
108,Tokoh-4,"I Dora, Bapa Dora, Dora","6, 12, 37, 38"
108,Tokoh-5,"panjake, ipanjak, I panjak, panjak Medang Kemulan","7, 8, 21, 22, 33"
108,Tokoh-6,"parekane, parekanne, Makakalih parekane, parekan makakalih, makakalih parekane, parekane makaklih","12, 13, 35, 39, 40"
108,Tokoh-7,Bapa,12
108,Tokoh-8,"pandita, Sang Pandita, Ida Sang pandita Bekung, sang Pandita, Ida bekung","14, 23, 24, 26, 29"
108,Tokoh-9,Sang Nata Ratu,19
108,Tokoh-10,"Dewata Nawa Cengkar, Dewata Cengkar, Dewata cengkar, Dewate Cengkar","20, 28, 29, 30, 32, 33"
108,Tokoh-11,Ratu Sang Prabu,29
108,Tokoh-12,kaula-kaulane,26
108,Tokoh-13,"kalih pandita, Makakalih Sang Pandita","15, 16"
109,Tokoh-1,"Dewi Kunti, Ida Dewi Kunti","1, 15, 26, 27, 33, 36, 37, 42"
109,Tokoh-2,biang,41
109,Tokoh-3,Sang Darma Wangsa,1
109,Tokoh-4,"Sang Bima, Cening Sang Bima, Ida Sang Bima","1, 37, 38, 40, 42, 45, 46, 47, 48, 50, 51, 52, 53, 56, 57, 58"
109,Tokoh-5,Sang Arjuna,1
109,Tokoh-6,Sang Nakula,1
109,Tokoh-7,Sang Sahadewa,1
109,Tokoh-8,Sang Panca Padawa,2
109,Tokoh-9,Ida Sang Brahmana,"3, 26"
109,Tokoh-10,"I Detyabaka, I Detya Baka","8, 11, 13, 46"
109,Tokoh-11,Ida Brahmana lanang,"4, 7, 25"
109,Tokoh-12,"I Raksasa Baka, Raksasa Baka, I Raksasabaka, I Raksasa, Raksasa","5, 16, 26, 34, 44, 47, 49, 51, 52, 53, 56, 57, 60"
109,Tokoh-13,panjake di Ekacakra,58
109,Tokoh-14,Ida Brahmana Istri,7
109,Tokoh-16,Ibu,"10, 12, 13, 15"
109,Tokoh-17,"I Aji, Aji, aji","10, 12, 13"
109,Tokoh-19,putrane sane lanang,13
109,Tokoh-20,"Ratu Pedanda, Pedanda, Ratu","15, 26, 33"
109,Tokoh-21,"Sang Pandita, Ida Sang Pandita","15, 27, 36, 37"
109,Tokoh-22,pianak titiange,34
109,Tokoh-23,"Krama desane, para krama Desa Ekacakra, karma Desa Ekacakrane","17, 18, 43, 60"
110,Tokoh-1,"kedise cerik-cerik, Kedise ane cerik-cerik, kedis cenik, kedise lenan","3, 6, 11, 28"
110,Tokoh-2,Sang Muun,"4, 14, 15, 23, 27, 28, 29, 31, 33, 37, 38, 41, 43, 44, 48, 49"
110,Tokoh-3,Sang Lanjana,"8, 12, 18, 27, 30, 32, 34, 36, 38, 39, 43, 45, 47"
110,Tokoh-4,jerone,"12, 13"
110,Tokoh-5,"kedis gede pesan, kedise ane gede tur galak ento, kedis gede","3, 6, 10"
111,Tokoh-1,"paksine, paksi, Paksine sane lianan, paksi sane lianan","1, 2, 3"
111,Tokoh-2,"paksi Muun, i paksi Muun, Sang Muun","2, 3, 5, 7, 9, 11, 12, 13, 14, 16, 18"
111,Tokoh-3,"paksi Lanjana, Sang Lanjana","4, 6, 8, 10, 12, 13, 15, 16, 17"
112,Tokoh-1,"Sang Nandaka, Sang Nandakane, I Nandaka, Nandaka","1, 5, 6, 11, 13, 15, 23, 27, 28, 32"
112,Tokoh-2,"Sang Prabu Singa, prabu Singa, Prabu Singa, Sang Singa","2, 5, 7, 13, 17, 18, 23, 28, 29, 31"
112,Tokoh-3,"Patih Sambada, I Patih Sambada, I Sambada, Sambada","4, 10, 11, 16, 23, 25, 29"
112,Tokoh-4,I Nohan,"4, 29"
112,Tokoh-5,I Tatit,"4, 10, 29"
112,Tokoh-6,"sawatek asu alase, sawatek asune, asune makejang","3, 8, 29"
112,Tokoh-7,"Ratu Pranda, I ratu, I Ratu","17, 18, 27"
112,Tokoh-8,I Lembu,21
112,Tokoh-9,Ratu Sri Mregapati,23
113,Tokoh-1,"Sang Rama, Ida Sang Rama, Dewa Sang Rama","1, 3, 6, 8, 13, 16, 28, 30, 31, 33, 34, 35, 36, 38"
113,Tokoh-2,"Ida Sang Laksmana, Sang Laksmana, Ida Sang laksmana","2, 6, 28"
113,Tokoh-3,"Ida Dewi Sita, Dewi Sita","2, 6, 28"
113,Tokoh-4,Ida Maharesi Atri,3
113,Tokoh-5,Ida Sang Ragutama,5
113,Tokoh-6,"I Wirada, I raksasa, i raksasa Wirada","7, 8, 11, 13"
113,Tokoh-7,I Kala Mertiyu,11
113,Tokoh-8,Bagawan Sarabangga,"14, 16"
113,Tokoh-9,"I dewa, I Dewa","16, 20, 21, 22, 23, 25"
113,Tokoh-10,"Ida Sang Yogi Sutiksna, Ida Sang Resi Yogi Sutiksna, Ida Resi Sutiksna","21, 25, 30"
113,Tokoh-11,"Ida Sang Maharesi, Ida Sang Resi, ida sang maharesi","4, 26, 33, 37"
113,Tokoh-13,Ida Sang Barata,1
114,Tokoh-1,"I Semut Api, Semut Api","1, 7, 11, 21, 23, 25, 26, 27, 34, 42, 45, 47, 53, 59, 61, 65, 70"
114,Tokoh-2,rombonganne I Sidem,2
114,Tokoh-3,I Sidem,"9, 14, 21, 24, 26, 34, 42, 45, 47, 54, 59, 61, 65, 70"
114,Tokoh-4,"semute-semute, Semute ento, Semute, Semut-semut, semut-semut, Makatelu semute ento","3, 35, 47, 55"
114,Tokoh-5,timpal-timpalne,30
114,Tokoh-6,I Semangah,"35, 37, 39, 40, 41, 45"
114,Tokoh-7,nyaman-nyamanne,41
114,Tokoh-8,"semut mewarna coklat, semut coklat ane mara teka ento","34, 43"
115,Tokoh-1,"I Pagul, Bli Pagul, Beli Pagul, Bli, Beli","1, 4, 19, 22, 23, 25, 41, 42, 44, 45, 73, 80, 99, 101, 102, 103, 105, 106"
115,Tokoh-2,"Ni Luh Lancah, Luh Lancah, Luh LAncah","1, 10, 19, 20, 27, 31, 36, 43, 44, 45, 58, 61, 76, 83, 95, 101, 108, 117, 118, 125, 143"
115,Tokoh-3,I Badeng,"14, 32, 51, 63, 120"
115,Tokoh-4,I Biing,"15, 31, 49, 63, 86, 87, 120"
115,Tokoh-5,"I Grungsung, I Grungsang, I grungsang","16, 17, 34, 56, 68, 72, 87, 92, 94"
115,Tokoh-6,"I Saa-sangkur, Saa-sangkur, I Siap Saa-sangkur, Siap I Saa-sangkur","34, 55, 61, 65, 71, 88, 93, 101, 104, 120, 126, 138"
115,Tokoh-7,I Selem,"84, 87"
115,Tokoh-8,"tukang emasne, Jero tukang, I tukang emas","111, 112, 113"
115,Tokoh-9,"siapne, siape, Makejang siapne","33, 52, 118, 119, 124"
116,Tokoh-1,"I Siap Selem, I Siap selem, Siap Selem","1, 3, 4, 11, 12, 13, 16, 18, 20, 21, 22, 26, 34, 36, 38, 39, 45, 49, 53"
116,Tokoh-2,"I Doglagan, Cening Doglagan, Doglagan","2, 9, 38, 39, 40, 52, 56, 57, 58, 59, 62, 63, 67, 69, 70, 72"
116,Tokoh-3,"Meng Kuuk, Jero Meong, I Meng Kuuk, jero para meong","14, 16, 18, 20, 23, 27, 34, 36, 38, 41, 49, 51, 54, 56, 57, 61, 63, 69, 70, 71, 72"
116,Tokoh-4,"panak-panakne, pianakne kelihan, pianakne lianan, pianak-pianakne, pianak-pianak, panakne, pianakne, pianak I Siap Seleme, pianakne ane paling keliha, pianakne lenan","4, 6, 7, 11, 12, 16, 18, 21, 23, 26, 30, 33, 36, 53, 56, 61"
116,Tokoh-5,"Me, me, meme, Meme","5, 7, 25, 26, 29, 40, 53"
117,Tokoh-1,"I Ketimun Mas, Ketimun Mas","3, 6, 9, 10, 17, 22, 33, 38, 40, 41, 44, 45, 47, 51, 58, 61, 62, 64, 75, 78"
117,Tokoh-2,"memene, meme, i meme, memenne, Meme, Memenne, memenne I Ketimun Mas, Men Ketimun Mas","5, 6, 9, 10, 11, 15, 17, 21, 25, 26, 29, 33, 41, 42, 52, 57, 59, 60, 77, 79"
117,Tokoh-3,"I Raksasa, I Raksasa ento","10, 13, 14, 23, 29, 32, 34, 38, 44, 46, 48, 50, 58, 61, 66"
117,Tokoh-4,"i pengangon bebek, i pengangon, anak ngangon bebek, pangangon ento, jero pengangon bebek","30, 31, 32, 36, 38"
117,Tokoh-5,"buta, Buta, I Buta","49, 50, 65, 70, 71"
117,Tokoh-6,"bongol, Bongol, I Bongol","49, 50, 65, 72, 73"
117,Tokoh-7,"meong, Sang Meong, meonge, I Meong","59, 60, 63, 68, 71, 72, 73, 76, 79, 80"
117,Tokoh-8,"bikul, Sang Bikul, I Bikul","59, 60, 63, 67, 74, 76, 79, 80"
117,Tokoh-9,"Cening, cening","6, 10, 24, 26, 40, 78"
118,Tokoh-1,I Aget,"1, 12, 16, 42, 45, 47, 50, 52, 53, 54, 55, 57, 58, 59, 60"
118,Tokoh-2,Ida Sang Prabu,"47, 52, 53, 54"
118,Tokoh-3,"kurenan I Agete, kurenane","48, 49, 50"
118,Tokoh-4,papatih Idane,49
118,Tokoh-5,"Ida Anake Agung, anake agung","48, 55, 56"
118,Tokoh-6,"anake luh ento, anake luh, Ane luh, anake eluh ento, anake ento","28, 30, 35, 42, 44, 45, 51"
118,Tokoh-8,anak luh bajang,27
119,Tokoh-1,"pedando, Ida Pedanda","1, 6, 7, 11, 13"
119,Tokoh-2,"yuyu punika, yuyune punika, Yuyune punika, I Yuyu, I Yuyune","3, 4, 5, 8, 9, 12, 13"
119,Tokoh-3,I Lelipi,"6, 8"
119,Tokoh-4,"I Guak, I guak","6, 8"
120,Tokoh-1,"I Lutung, Lutung, lutung, I lutung","1, 2, 3, 4, 5, 12, 13, 14, 15, 22, 24, 27, 39, 47, 52, 54, 56, 67, 73, 75, 83, 84, 87, 88, 89, 91, 92, 94, 95, 101, 103, 105"
120,Tokoh-2,"I Kekua, I kekua, Kekua, kekua","1, 2, 3, 4, 6, 13, 15, 16, 17, 19, 24, 32, 37, 47, 51, 52, 53, 54, 55, 67, 72, 73"
120,Tokoh-3,"I Pekak Dukuh, I Pekak, I Pekak dukuh, I pekak dukuh, dukuh","14, 15, 16, 17, 36, 45, 55, 60, 67, 73, 81, 82"
120,Tokoh-4,"niluh kancrung, luh, lauh kancrung","24, 65, 67, 70"
120,Tokoh-5,"cucune pekak dukuh, cucune","39, 55, 56, 60"
120,Tokoh-6,"Beli Lutung, beli","49, 50, 52"
120,Tokoh-7,"pekakne, Pekak, pekak","56, 67, 77, 79, 81"
120,Tokoh-8,"Ida sang prabu, Ida Sang Prabu, Ida Sang Prabhu, Sang prabu, ida Sang prabu","87, 88, 89, 93, 95, 101, 105"
120,Tokoh-9,parekane,"87, 88"
120,Tokoh-10,I Yuyu,"104, 105, 106, 107, 110"
120,Tokoh-11,"I Udang, udange","104, 105, 107, 110"
120,Tokoh-12,"kebone, kebone gede","106, 107"
120,Tokoh-13,"adi kekua, adi","49, 50"
