storyID,characterID,AliasCharacters
1,Tokoh-1,['dyspeptic']
1,Tokoh-2,['women']
1,Tokoh-3,['thief']
1,Tokoh-4,['girl']
1,Tokoh-5,['cow']
1,Tokoh-6,['man']
2,Tokoh-1,['robert browning']
2,Tokoh-2,"['parishioners', 'parishioner']"
2,Tokoh-3,['minister']
2,Tokoh-4,['preacher']
2,Tokoh-5,['woman']
2,Tokoh-6,['whale']
2,Tokoh-7,['birds']
2,Tokoh-8,['lady']
2,Tokoh-9,['boy']
3,Tokoh-1,['miss prentice']
3,Tokoh-2,['maxi elliott']
3,Tokoh-3,['gentleman']
3,Tokoh-4,"['friends', 'fred']"
3,Tokoh-5,['eustace']
3,Tokoh-6,['myrtle']
3,Tokoh-7,['mother']
3,Tokoh-8,['women']
3,Tokoh-9,['queen']
3,Tokoh-10,['lady']
3,Tokoh-11,['bird']
3,Tokoh-12,['girl']
3,Tokoh-13,"['boys', 'boy']"
3,Tokoh-14,['men']
3,Tokoh-15,['man']
3,Tokoh-16,['gus']
4,Tokoh-1,"['children', 'child']"
4,Tokoh-2,['fairies']
4,Tokoh-3,['father']
4,Tokoh-4,['merrys']
4,Tokoh-5,['mother']
4,Tokoh-6,['woman']
4,Tokoh-7,"['girls', 'girl']"
4,Tokoh-8,['baby']
4,Tokoh-9,['papa']
4,Tokoh-10,['boy']
5,Tokoh-1,"['louisa may alcott', 'louisa alcott', 'louisa']"
5,Tokoh-2,['mrs alcott']
5,Tokoh-3,['playmates']
5,Tokoh-4,"['children', 'child']"
5,Tokoh-5,['father']
5,Tokoh-6,['mother']
5,Tokoh-7,['women']
5,Tokoh-8,['nurse']
5,Tokoh-9,"['girls', 'girl']"
5,Tokoh-10,['boys']
5,Tokoh-11,['dog']
5,Tokoh-12,['man']
5,Tokoh-13,['men']
6,Tokoh-1,['gentlemen']
6,Tokoh-2,"['friends', 'friend']"
6,Tokoh-3,['frogs']
6,Tokoh-4,['pigs']
6,Tokoh-5,['men']
7,Tokoh-1,"['mrs gleason', 'mr gleason', 'mrs']"
7,Tokoh-2,['mother']
7,Tokoh-3,['woman']
7,Tokoh-4,['thief']
7,Tokoh-5,['child']
7,Tokoh-6,['birds']
7,Tokoh-7,['rats']
7,Tokoh-8,['cats']
7,Tokoh-9,['maid']
7,Tokoh-10,['girl']
7,Tokoh-11,"['pigs', 'pig']"
7,Tokoh-12,['boy']
8,Tokoh-1,['gentleman']
8,Tokoh-2,['master']
8,Tokoh-3,['widow']
8,Tokoh-4,['lady']
9,Tokoh-1,['miss snail']
9,Tokoh-2,['children']
9,Tokoh-3,['father']
9,Tokoh-4,['mother']
9,Tokoh-5,['toads']
9,Tokoh-6,['queen']
9,Tokoh-7,['bear']
9,Tokoh-8,['wife']
9,Tokoh-9,['son']
9,Tokoh-10,['men']
10,Tokoh-1,['daughter']
10,Tokoh-2,['princess']
10,Tokoh-3,['queen']
10,Tokoh-4,['king']
10,Tokoh-5,['man']
11,Tokoh-1,"['children', 'child']"
11,Tokoh-2,['father']
11,Tokoh-3,['mother']
11,Tokoh-4,['goose']
11,Tokoh-5,['girl']
12,Tokoh-1,['women']
12,Tokoh-2,['men']
12,Tokoh-3,['pig']
13,Tokoh-1,"['children', 'child']"
13,Tokoh-2,['student']
13,Tokoh-3,['father']
13,Tokoh-4,['mother']
13,Tokoh-5,['boy']
13,Tokoh-6,['man']
14,Tokoh-1,"['children', 'child']"
14,Tokoh-2,['student']
14,Tokoh-3,['father']
14,Tokoh-4,['mother']
14,Tokoh-5,['girls']
14,Tokoh-6,"['boys', 'boy']"
14,Tokoh-7,['man']
15,Tokoh-1,['gentleman']
15,Tokoh-2,['mistress']
15,Tokoh-3,['master']
15,Tokoh-4,['widow']
15,Tokoh-5,['lady']
15,Tokoh-6,['man']
16,Tokoh-1,['mother']
16,Tokoh-2,['eagles']
16,Tokoh-3,['prince']
16,Tokoh-4,['baby']
17,Tokoh-1,['mr dreiser']
17,Tokoh-2,['brother']
17,Tokoh-3,['james']
17,Tokoh-4,['man']
17,Tokoh-5,['men']
18,Tokoh-1,"['children', 'child']"
18,Tokoh-2,['sheep']
18,Tokoh-3,['horse']
18,Tokoh-4,['cows']
18,Tokoh-5,['dog']
18,Tokoh-6,['boy']
18,Tokoh-7,['man']
18,Tokoh-8,['son']
19,Tokoh-1,['brother']
19,Tokoh-2,['horses']
19,Tokoh-3,['father']
19,Tokoh-4,['child']
19,Tokoh-5,['girl']
19,Tokoh-6,['wife']
19,Tokoh-7,['tom']
19,Tokoh-8,['man']
20,Tokoh-1,['neighbor']
20,Tokoh-2,['servant']
20,Tokoh-3,['father']
20,Tokoh-4,['woman']
20,Tokoh-5,['child']
20,Tokoh-6,['wife']
20,Tokoh-7,['girl']
20,Tokoh-8,['man']
20,Tokoh-9,['men']
21,Tokoh-1,['neighbour']
21,Tokoh-2,['children']
21,Tokoh-3,['donkey']
21,Tokoh-4,['samuel']
21,Tokoh-5,['snakes']
21,Tokoh-6,['woman']
21,Tokoh-7,['sarah']
21,Tokoh-8,['rats']
21,Tokoh-9,['wife']
21,Tokoh-10,['man']
21,Tokoh-11,['men']
22,Tokoh-1,['children']
22,Tokoh-2,['elephant']
22,Tokoh-3,"['friends', 'friend']"
22,Tokoh-4,['brother']
22,Tokoh-5,['father']
22,Tokoh-6,['babies']
22,Tokoh-7,['mother']
22,Tokoh-8,['nurse']
22,Tokoh-9,['fairy']
22,Tokoh-10,['mary']
22,Tokoh-11,['bird']
22,Tokoh-12,['baby']
22,Tokoh-13,['wife']
23,Tokoh-1,['friends']
23,Tokoh-2,['mother']
23,Tokoh-3,['women']
23,Tokoh-4,['birds']
23,Tokoh-5,['man']
24,Tokoh-1,['father']
24,Tokoh-2,['friend']
24,Tokoh-3,['mother']
24,Tokoh-4,['alice']
24,Tokoh-5,['child']
24,Tokoh-6,"['birds', 'bird']"
24,Tokoh-7,['bear']
24,Tokoh-8,['girl']
24,Tokoh-9,['man']
25,Tokoh-1,['mrs grove']
25,Tokoh-2,['brother']
25,Tokoh-3,['father']
25,Tokoh-4,['mother']
25,Tokoh-5,['child']
25,Tokoh-6,['girl']
25,Tokoh-7,['man']
26,Tokoh-1,"['children', 'child']"
26,Tokoh-2,['rabbits']
26,Tokoh-3,['mattie']
26,Tokoh-4,['mother']
26,Tokoh-5,['women']
26,Tokoh-6,['birds']
26,Tokoh-7,['baby']
26,Tokoh-8,['lion']
26,Tokoh-9,['hawk']
26,Tokoh-10,['dog']
26,Tokoh-11,['man']
26,Tokoh-12,['cat']
26,Tokoh-13,['men']
27,Tokoh-1,['androclus']
27,Tokoh-2,"['friends', 'friend']"
27,Tokoh-3,['master']
27,Tokoh-4,['lion']
27,Tokoh-5,['dog']
27,Tokoh-6,['man']
28,Tokoh-1,['teacher']
28,Tokoh-2,['friends']
28,Tokoh-3,['servant']
28,Tokoh-4,['father']
28,Tokoh-5,['count']
28,Tokoh-6,['an-to']
28,Tokoh-7,['lion']
28,Tokoh-8,"['boys', 'boy']"
28,Tokoh-9,['man']
29,Tokoh-1,"['king richard', 'king']"
29,Tokoh-2,"['robin hood', 'robin']"
29,Tokoh-3,['king john']
29,Tokoh-4,['servant']
29,Tokoh-5,['father']
29,Tokoh-6,['friend']
29,Tokoh-7,['birds']
29,Tokoh-8,['deer']
29,Tokoh-9,['girl']
29,Tokoh-10,['man']
29,Tokoh-11,['men']
30,Tokoh-1,['friends']
30,Tokoh-2,['ho-ra']
30,Tokoh-3,['king']
30,Tokoh-4,['man']
30,Tokoh-5,['men']
31,Tokoh-1,['sir abbot']
31,Tokoh-2,['friends']
31,Tokoh-3,['master']
31,Tokoh-4,['abbey']
31,Tokoh-5,['horse']
31,Tokoh-6,['king']
31,Tokoh-7,['john']
31,Tokoh-8,['man']
31,Tokoh-9,['men']
32,Tokoh-1,"['king max-i-mil', 'king']"
32,Tokoh-2,['friends']
32,Tokoh-3,['master']
32,Tokoh-4,['geese']
32,Tokoh-5,['goose']
32,Tokoh-6,['boy']
32,Tokoh-7,['man']
33,Tokoh-1,['wil-helm']
33,Tokoh-2,['friends']
33,Tokoh-3,['master']
33,Tokoh-4,['child']
33,Tokoh-5,['girl']
33,Tokoh-6,['boy']
33,Tokoh-7,['man']
34,Tokoh-1,['horses']
34,Tokoh-2,['master']
34,Tokoh-3,['dobbin']
34,Tokoh-4,['king']
34,Tokoh-5,['bird']
34,Tokoh-6,['man']
34,Tokoh-7,['men']
35,Tokoh-1,['gentleman']
35,Tokoh-2,['char-ney']
35,Tokoh-3,['friend']
35,Tokoh-4,['lady']
35,Tokoh-5,['lord']
35,Tokoh-6,['girl']
35,Tokoh-7,['wife']
35,Tokoh-8,['dog']
35,Tokoh-9,['man']
35,Tokoh-10,['men']
36,Tokoh-1,"['sir humphrey gilbert', 'sir humphrey', 'sir']"
36,Tokoh-2,"['walter raleigh', 'walter']"
36,Tokoh-3,['friends']
36,Tokoh-4,['servant']
36,Tokoh-5,['ladies']
36,Tokoh-6,['queen']
36,Tokoh-7,['man']
36,Tokoh-8,['men']
37,Tokoh-1,['schac-a-bac']
37,Tokoh-2,['bar-me-cide']
37,Tokoh-3,['servant']
37,Tokoh-4,['master']
37,Tokoh-5,['friend']
37,Tokoh-6,['goose']
37,Tokoh-7,['king']
37,Tokoh-8,['lord']
37,Tokoh-9,['lamb']
37,Tokoh-10,['boy']
37,Tokoh-11,['man']
37,Tokoh-12,['ho']
38,Tokoh-1,"['children', 'child']"
38,Tokoh-2,['master']
38,Tokoh-3,['friend']
38,Tokoh-4,['women']
38,Tokoh-5,['horse']
38,Tokoh-6,['king']
38,Tokoh-7,['dogs']
38,Tokoh-8,['boys']
38,Tokoh-9,['man']
38,Tokoh-10,['men']
39,Tokoh-1,"['king robert bruce', 'king']"
39,Tokoh-2,['doug-las']
39,Tokoh-3,['soldier']
39,Tokoh-4,['farmer']
39,Tokoh-5,['friend']
39,Tokoh-6,['mother']
39,Tokoh-7,"['women', 'woman']"
39,Tokoh-8,['child']
39,Tokoh-9,['wife']
39,Tokoh-10,['man']
39,Tokoh-11,['men']
40,Tokoh-1,['daughter']
40,Tokoh-2,['king']
40,Tokoh-3,['wife']
40,Tokoh-4,['man']
40,Tokoh-5,['men']
41,Tokoh-1,['inch-cape rock']
41,Tokoh-2,['robber']
41,Tokoh-3,['abbot']
41,Tokoh-4,['ralph']
41,Tokoh-5,['boys']
41,Tokoh-6,['man']
42,Tokoh-1,"['sir hawk', 'hawk']"
42,Tokoh-2,"['friends', 'friend']"
42,Tokoh-3,['rabbit']
42,Tokoh-4,['snake']
42,Tokoh-5,['horse']
42,Tokoh-6,['hawks']
42,Tokoh-7,['king']
42,Tokoh-8,['deer']
42,Tokoh-9,['bird']
42,Tokoh-10,['men']
43,Tokoh-1,['revolutionary war']
43,Tokoh-2,['paul revere']
43,Tokoh-3,['soldier']
43,Tokoh-4,['friend']
43,Tokoh-5,['battle']
43,Tokoh-6,['horse']
43,Tokoh-7,['king']
43,Tokoh-8,['bird']
43,Tokoh-9,['man']
43,Tokoh-10,['men']
44,Tokoh-1,"['wil-liam', 'william']"
44,Tokoh-2,['brother']
44,Tokoh-3,['father']
44,Tokoh-4,['robert']
44,Tokoh-5,['eagle']
44,Tokoh-6,['henry']
44,Tokoh-7,"['birds', 'bird']"
44,Tokoh-8,['king']
44,Tokoh-9,['hawk']
44,Tokoh-10,"['boys', 'boy']"
44,Tokoh-11,['man']
44,Tokoh-12,['men']
44,Tokoh-13,['son']
45,Tokoh-1,['cin-cin-na']
45,Tokoh-2,['children']
45,Tokoh-3,['soldier']
45,Tokoh-4,['horses']
45,Tokoh-5,['women']
45,Tokoh-6,['king']
45,Tokoh-7,['wife']
45,Tokoh-8,['boys']
45,Tokoh-9,['man']
45,Tokoh-10,['men']
46,Tokoh-1,['car-thage']
46,Tokoh-2,['children']
46,Tokoh-3,['wife']
46,Tokoh-4,['man']
46,Tokoh-5,['men']
46,Tokoh-6,['reg']
47,Tokoh-1,"['king henry', 'king']"
47,Tokoh-2,['friends']
47,Tokoh-3,['teacher']
47,Tokoh-4,['william']
47,Tokoh-5,['father']
47,Tokoh-6,['sister']
47,Tokoh-7,['prince']
47,Tokoh-8,['bear']
47,Tokoh-9,['man']
47,Tokoh-10,['men']
47,Tokoh-11,['son']
48,Tokoh-1,['queen catheri']
48,Tokoh-2,['children']
48,Tokoh-3,['titian']
48,Tokoh-4,['sister']
48,Tokoh-5,['friend']
48,Tokoh-6,['mother']
48,Tokoh-7,['women']
48,Tokoh-8,['king']
48,Tokoh-9,['cow']
48,Tokoh-10,['son']
48,Tokoh-11,['man']
48,Tokoh-12,['men']
49,Tokoh-1,"['miss barton', 'miss']"
49,Tokoh-2,['brother']
49,Tokoh-3,['teacher']
49,Tokoh-4,"['horses', 'horse']"
49,Tokoh-5,['parrot']
49,Tokoh-6,['father']
49,Tokoh-7,['sister']
49,Tokoh-8,['mother']
49,Tokoh-9,['child']
49,Tokoh-10,['giant']
49,Tokoh-11,['nurse']
49,Tokoh-12,['david']
49,Tokoh-13,['girl']
49,Tokoh-14,['papa']
49,Tokoh-15,['baby']
49,Tokoh-16,['man']
49,Tokoh-17,['men']
49,Tokoh-18,['cat']
49,Tokoh-19,['dog']
50,Tokoh-1,['farmer']
50,Tokoh-2,['mother']
50,Tokoh-3,['son']
51,Tokoh-1,['mistress']
51,Tokoh-2,['friend']
51,Tokoh-3,['ladies']
51,Tokoh-4,['mouse']
51,Tokoh-5,['lords']
51,Tokoh-6,['queen']
51,Tokoh-7,"['cats', 'cat']"
51,Tokoh-8,['maid']
51,Tokoh-9,['boys']
51,Tokoh-10,['dog']
51,Tokoh-11,['man']
52,Tokoh-1,['farmer']
52,Tokoh-2,['father']
52,Tokoh-3,['mother']
52,Tokoh-4,['king']
52,Tokoh-5,['baby']
52,Tokoh-6,['wife']
52,Tokoh-7,"['pigs', 'pig']"
52,Tokoh-8,['boy']
52,Tokoh-9,['tom']
52,Tokoh-10,['son']
53,Tokoh-1,['officer']
53,Tokoh-2,['captain']
53,Tokoh-3,"['horses', 'horse']"
53,Tokoh-4,['man']
54,Tokoh-1,['gentlemen']
54,Tokoh-2,['soldier']
54,Tokoh-3,['hero']
54,Tokoh-4,['man']
54,Tokoh-5,['men']
55,Tokoh-1,['mr lawrence barting']
55,Tokoh-2,['james h conway']
55,Tokoh-3,['mr barting']
55,Tokoh-4,['mr conway']
55,Tokoh-5,['mr foley']
55,Tokoh-6,['captain']
55,Tokoh-7,['lawyer']
55,Tokoh-8,['widow']
55,Tokoh-9,['man']
56,Tokoh-1,['dr mannering']
56,Tokoh-2,['dr frayley']
56,Tokoh-3,"['friends', 'friend']"
56,Tokoh-4,['student']
56,Tokoh-5,['servant']
56,Tokoh-6,['doctor']
56,Tokoh-7,"['ghosts', 'ghost']"
56,Tokoh-8,['man']
56,Tokoh-9,['men']
57,Tokoh-1,['gentlemen']
57,Tokoh-2,['ladies']
57,Tokoh-3,"['women', 'woman']"
57,Tokoh-4,['man']
57,Tokoh-5,['men']
58,Tokoh-1,['captain fetterman']
58,Tokoh-2,"['william briscoe', 'william duck', 'duck']"
58,Tokoh-3,['bill briscoe']
58,Tokoh-4,['soldier']
58,Tokoh-5,['henry']
58,Tokoh-6,['david']
58,Tokoh-7,['bear']
58,Tokoh-8,['owl']
58,Tokoh-9,['man']
58,Tokoh-10,['men']
59,Tokoh-1,['father']
59,Tokoh-2,['mother']
59,Tokoh-3,['judge']
59,Tokoh-4,['crow']
59,Tokoh-5,['dog']
59,Tokoh-6,['man']
60,Tokoh-1,['children']
60,Tokoh-2,['wolves']
60,Tokoh-3,['giant']
60,Tokoh-4,['bird']
60,Tokoh-5,['owl']
60,Tokoh-6,['man']
60,Tokoh-7,['men']
61,Tokoh-1,['john holcomb']
61,Tokoh-2,['teacher']
61,Tokoh-3,['lawyer']
61,Tokoh-4,['man']
61,Tokoh-5,['men']
62,Tokoh-1,['miss julia went']
62,Tokoh-2,['children']
62,Tokoh-3,['minister']
62,Tokoh-4,['friends']
62,Tokoh-5,['harding']
62,Tokoh-6,['husband']
62,Tokoh-7,['sister']
62,Tokoh-8,['robert']
62,Tokoh-9,['mother']
62,Tokoh-10,['woman']
62,Tokoh-11,['hyatt']
62,Tokoh-12,['wife']
62,Tokoh-13,['man']
62,Tokoh-14,['men']
62,Tokoh-15,['mrs']
63,Tokoh-1,['mr william holt']
63,Tokoh-2,['mr holt']
63,Tokoh-3,['brother']
63,Tokoh-4,['child']
63,Tokoh-5,['wife']
63,Tokoh-6,['rat']
64,Tokoh-1,['charles ashmore']
64,Tokoh-2,['mr ashmore']
64,Tokoh-3,['daughter']
64,Tokoh-4,['friends']
64,Tokoh-5,['father']
64,Tokoh-6,['mother']
64,Tokoh-7,['martha']
64,Tokoh-8,['wife']
64,Tokoh-9,['girl']
64,Tokoh-10,['man']
64,Tokoh-11,['son']
65,Tokoh-1,['friend']
65,Tokoh-2,['woman']
65,Tokoh-3,['bear']
65,Tokoh-4,['dog']
65,Tokoh-5,['man']
66,Tokoh-1,['children']
66,Tokoh-2,['father']
66,Tokoh-3,['mother']
66,Tokoh-4,['woman']
66,Tokoh-5,['puppy']
66,Tokoh-6,['lady']
66,Tokoh-7,"['dogs', 'dog']"
66,Tokoh-8,['man']
67,Tokoh-1,['henry armstrong']
67,Tokoh-2,['horse']
67,Tokoh-3,['man']
67,Tokoh-4,['men']
68,Tokoh-1,['john white corwell']
68,Tokoh-2,['samuel morritz']
68,Tokoh-3,['daniel baker']
68,Tokoh-4,['mr cummings']
68,Tokoh-5,['minister']
68,Tokoh-6,['horse']
68,Tokoh-7,['man']
68,Tokoh-8,['men']
69,Tokoh-1,['dr halderman']
69,Tokoh-2,['doctor']
69,Tokoh-3,['judge']
69,Tokoh-4,"['dogs', 'dog']"
69,Tokoh-5,['man']
69,Tokoh-6,['men']
70,Tokoh-1,['williamson']
70,Tokoh-2,"['james wren', 'james']"
70,Tokoh-3,['neighbor']
70,Tokoh-4,"['mr wren', 'mr']"
70,Tokoh-5,['husband']
70,Tokoh-6,['horses']
70,Tokoh-7,['father']
70,Tokoh-8,['child']
70,Tokoh-9,['wife']
70,Tokoh-10,['boy']
70,Tokoh-11,['mrs']
70,Tokoh-12,['sam']
70,Tokoh-13,['son']
71,Tokoh-1,['mr robert mosely maren']
71,Tokoh-2,['herman deluse']
71,Tokoh-3,['mr galbraith']
71,Tokoh-4,['gentlemen']
71,Tokoh-5,['minister']
71,Tokoh-6,['mr maren']
71,Tokoh-7,['lawyer']
71,Tokoh-8,['women']
71,Tokoh-9,['horse']
71,Tokoh-10,['wife']
71,Tokoh-11,['man']
71,Tokoh-12,['son']
71,Tokoh-13,['men']
72,Tokoh-1,['gentleman']
72,Tokoh-2,['friend']
72,Tokoh-3,['men']
72,Tokoh-4,['cat']
73,Tokoh-1,['gentleman']
73,Tokoh-2,['preacher']
73,Tokoh-3,"['friends', 'friend']"
73,Tokoh-4,['horses']
73,Tokoh-5,['lawyer']
73,Tokoh-6,['woman']
73,Tokoh-7,['judge']
73,Tokoh-8,"['girls', 'girl']"
73,Tokoh-9,['cows']
73,Tokoh-10,['boy']
73,Tokoh-11,['man']
74,Tokoh-1,['brother']
74,Tokoh-2,['soldier']
74,Tokoh-3,['husband']
74,Tokoh-4,['father']
74,Tokoh-5,['sister']
74,Tokoh-6,['mother']
74,Tokoh-7,['man']
74,Tokoh-8,['son']
75,Tokoh-1,['sir andrew aguecheek']
75,Tokoh-2,"['will dudley', 'will']"
75,Tokoh-3,['officer']
75,Tokoh-4,['captain']
75,Tokoh-5,['man']
75,Tokoh-6,['men']
76,Tokoh-1,"['thord overaas', 'thord']"
76,Tokoh-2,['daughter']
76,Tokoh-3,['father']
76,Tokoh-4,['priest']
76,Tokoh-5,['women']
76,Tokoh-6,['child']
76,Tokoh-7,['girl']
76,Tokoh-8,['boy']
76,Tokoh-9,['man']
76,Tokoh-10,['men']
76,Tokoh-11,['son']
77,Tokoh-1,"['captain miles standish', 'captain']"
77,Tokoh-2,['jack billington']
77,Tokoh-3,['captain shrimp']
77,Tokoh-4,['rose standish']
77,Tokoh-5,"['mary allerton', 'mary chilton']"
77,Tokoh-6,"['john howland', 'john alden']"
77,Tokoh-7,['john carver']
77,Tokoh-8,['children']
77,Tokoh-9,['husband']
77,Tokoh-10,['friends']
77,Tokoh-11,['mother']
77,Tokoh-12,['girls']
77,Tokoh-13,['women']
77,Tokoh-14,['king']
77,Tokoh-15,['deer']
77,Tokoh-16,['wife']
77,Tokoh-17,['fish']
77,Tokoh-18,['boy']
77,Tokoh-19,['men']
78,Tokoh-1,['captain']
78,Tokoh-2,['women']
78,Tokoh-3,['girls']
78,Tokoh-4,"['boys', 'boy']"
78,Tokoh-5,['dog']
78,Tokoh-6,['man']
78,Tokoh-7,['men']
79,Tokoh-1,['friend']
80,Tokoh-1,['children']
80,Tokoh-2,['teacher']
80,Tokoh-3,['waymoth']
80,Tokoh-4,['pigs']
80,Tokoh-5,['man']
80,Tokoh-6,['dr']
81,Tokoh-1,['professor johnson']
81,Tokoh-2,['gentlemen']
81,Tokoh-3,['soldier']
81,Tokoh-4,['master']
82,Tokoh-1,['brother']
82,Tokoh-2,['snake']
82,Tokoh-3,['mouse']
82,Tokoh-4,['bird']
82,Tokoh-5,['crow']
82,Tokoh-6,['man']
83,Tokoh-1,['dr orchard']
83,Tokoh-2,['king lear']
83,Tokoh-3,['mrs todd']
83,Tokoh-4,['charles']
83,Tokoh-5,['friend']
83,Tokoh-6,['judge']
83,Tokoh-7,['bear']
83,Tokoh-8,['man']
83,Tokoh-9,['son']
85,Tokoh-1,['professor russell']
85,Tokoh-2,['sir g staunton']
85,Tokoh-3,['mr f kerigan']
85,Tokoh-4,['women']
85,Tokoh-5,['lord']
85,Tokoh-6,['men']
86,Tokoh-1,['gentlemen']
86,Tokoh-2,['neighbor']
86,Tokoh-3,['horses']
86,Tokoh-4,['mother']
86,Tokoh-5,['hares']
86,Tokoh-6,['snake']
86,Tokoh-7,['girls']
86,Tokoh-8,['lady']
86,Tokoh-9,['wife']
86,Tokoh-10,['boys']
86,Tokoh-11,['men']
86,Tokoh-12,['pig']
87,Tokoh-1,['mrs brockett']
87,Tokoh-2,['mr archibald']
87,Tokoh-3,['minister']
87,Tokoh-4,['sister']
87,Tokoh-5,"['birds', 'bird']"
87,Tokoh-6,"['girls', 'girl']"
87,Tokoh-7,['lucy']
87,Tokoh-8,['boy']
87,Tokoh-9,['man']
87,Tokoh-10,['ja']
88,Tokoh-1,['serpent']
88,Tokoh-2,['friend']
88,Tokoh-3,['women']
88,Tokoh-4,['camel']
88,Tokoh-5,['bird']
88,Tokoh-6,['men']
89,Tokoh-1,['mr gouvernail']
89,Tokoh-2,"['mrs baroda', 'mrs']"
89,Tokoh-3,['husband']
89,Tokoh-4,['friend']
89,Tokoh-5,['woman']
89,Tokoh-6,['dogs']
89,Tokoh-7,['fish']
89,Tokoh-8,['wife']
89,Tokoh-9,['man']
90,Tokoh-1,['child']
90,Tokoh-2,['boy']
90,Tokoh-3,['hen']
91,Tokoh-1,"['children', 'child']"
91,Tokoh-2,['friends']
91,Tokoh-3,['husband']
91,Tokoh-4,['horses']
91,Tokoh-5,['father']
91,Tokoh-6,['mother']
91,Tokoh-7,['babies']
91,Tokoh-8,['woman']
91,Tokoh-9,['dogs']
91,Tokoh-10,['baby']
91,Tokoh-11,['pony']
91,Tokoh-12,['girl']
91,Tokoh-13,['boy']
91,Tokoh-14,['man']
91,Tokoh-15,['men']
92,Tokoh-1,['children']
92,Tokoh-2,['father']
92,Tokoh-3,['sister']
92,Tokoh-4,['ladies']
92,Tokoh-5,['babies']
92,Tokoh-6,['mother']
92,Tokoh-7,['woman']
92,Tokoh-8,['girl']
92,Tokoh-9,['boy']
92,Tokoh-10,['men']
93,Tokoh-1,['gentleman']
93,Tokoh-2,['preacher']
93,Tokoh-3,['husband']
93,Tokoh-4,['farmer']
93,Tokoh-5,['horses']
93,Tokoh-6,['father']
93,Tokoh-7,['mother']
93,Tokoh-8,['birds']
93,Tokoh-9,['baby']
93,Tokoh-10,['pony']
93,Tokoh-11,['man']
93,Tokoh-12,['men']
94,Tokoh-1,['lawyer']
94,Tokoh-2,['woman']
94,Tokoh-3,['judge']
94,Tokoh-4,['wife']
94,Tokoh-5,['man']
95,Tokoh-1,['doctor bonfils']
95,Tokoh-2,['daughter']
95,Tokoh-3,['mistress']
95,Tokoh-4,['horses']
95,Tokoh-5,['mother']
95,Tokoh-6,['woman']
95,Tokoh-7,['child']
95,Tokoh-8,['bears']
95,Tokoh-9,['lady']
95,Tokoh-10,['girl']
95,Tokoh-11,['man']
96,Tokoh-1,['policeman']
96,Tokoh-2,['children']
96,Tokoh-3,['mistress']
96,Tokoh-4,"['women', 'woman']"
96,Tokoh-5,['maid']
96,Tokoh-6,['boys']
96,Tokoh-7,['man']
96,Tokoh-8,['men']
97,Tokoh-1,['miss nathalie']
97,Tokoh-2,['mr brantain']
97,Tokoh-3,['mr harvy']
97,Tokoh-4,['brother']
97,Tokoh-5,['husband']
97,Tokoh-6,['sister']
97,Tokoh-7,['friend']
97,Tokoh-8,['women']
97,Tokoh-9,['girl']
97,Tokoh-10,['man']
97,Tokoh-11,['cat']
98,Tokoh-1,['gentleman']
98,Tokoh-2,"['friends', 'friend']"
98,Tokoh-3,['robert']
98,Tokoh-4,['mother']
98,Tokoh-5,['woman']
98,Tokoh-6,['child']
98,Tokoh-7,['girl']
98,Tokoh-8,['wife']
98,Tokoh-9,['man']
98,Tokoh-10,['ja']
99,Tokoh-1,['mrs mallard']
99,Tokoh-2,['sparrows']
99,Tokoh-3,['sister']
99,Tokoh-4,['friend']
99,Tokoh-5,['women']
99,Tokoh-6,['child']
99,Tokoh-7,['wife']
99,Tokoh-8,['men']
100,Tokoh-1,['birds']
100,Tokoh-2,['bear']
100,Tokoh-3,['man']
101,Tokoh-1,"['daddie', 'dad']"
101,Tokoh-2,['father']
101,Tokoh-3,"['women', 'woman']"
101,Tokoh-4,['queen']
101,Tokoh-5,['nell']
101,Tokoh-6,['girl']
101,Tokoh-7,['boy']
101,Tokoh-8,['man']
102,Tokoh-1,['bear']
102,Tokoh-2,['fish']
102,Tokoh-3,['man']
102,Tokoh-4,['men']
103,Tokoh-1,['rabbit']
103,Tokoh-2,['frogs']
103,Tokoh-3,['fish']
103,Tokoh-4,['crow']
103,Tokoh-5,['man']
103,Tokoh-6,['men']
104,Tokoh-1,"['mr snake', 'snake']"
104,Tokoh-2,['friends']
104,Tokoh-3,['master']
104,Tokoh-4,['snakes']
104,Tokoh-5,['girls']
104,Tokoh-6,['dog']
104,Tokoh-7,['man']
104,Tokoh-8,['men']
105,Tokoh-1,"['friends', 'friend']"
105,Tokoh-2,['officer']
105,Tokoh-3,['soldier']
105,Tokoh-4,['father']
105,Tokoh-5,['man']
105,Tokoh-6,['men']
106,Tokoh-1,['children']
106,Tokoh-2,['wife']
106,Tokoh-3,['lady']
106,Tokoh-4,['girl']
107,Tokoh-1,['playmates']
107,Tokoh-2,"['children', 'child']"
107,Tokoh-3,['daughter']
107,Tokoh-4,['friends']
107,Tokoh-5,['brother']
107,Tokoh-6,['servant']
107,Tokoh-7,['sister']
107,Tokoh-8,['father']
107,Tokoh-9,['mother']
107,Tokoh-10,['baby']
107,Tokoh-11,['bear']
107,Tokoh-12,['son']
107,Tokoh-13,['man']
107,Tokoh-14,['men']
108,Tokoh-1,['mrs fezziwig']
108,Tokoh-2,['sir roger']
108,Tokoh-3,['mistress']
108,Tokoh-4,['master']
108,Tokoh-5,['friend']
108,Tokoh-6,['women']
108,Tokoh-7,['girl']
108,Tokoh-8,"['boys', 'boy']"
108,Tokoh-9,['man']
108,Tokoh-10,['men']
109,Tokoh-1,['mr ainsworth']
109,Tokoh-2,"['friends', 'friend']"
109,Tokoh-3,"['horses', 'horse']"
109,Tokoh-4,['ladies']
109,Tokoh-5,['child']
110,Tokoh-1,['master']
110,Tokoh-2,['lord']
110,Tokoh-3,['wife']
110,Tokoh-4,['man']
111,Tokoh-1,['jim crows']
111,Tokoh-2,['children']
111,Tokoh-3,['monkeys']
111,Tokoh-4,['horses']
111,Tokoh-5,['prince']
111,Tokoh-6,['mother']
111,Tokoh-7,"['women', 'woman']"
111,Tokoh-8,"['girls', 'girl']"
111,Tokoh-9,"['boys', 'boy']"
111,Tokoh-10,['men']
112,Tokoh-1,['sister']
112,Tokoh-2,['hunter']
112,Tokoh-3,"['women', 'woman']"
112,Tokoh-4,['girl']
112,Tokoh-5,['boys']
112,Tokoh-6,['dog']
112,Tokoh-7,['man']
112,Tokoh-8,['men']
113,Tokoh-1,"['children', 'child']"
113,Tokoh-2,['horses']
113,Tokoh-3,['father']
113,Tokoh-4,['mother']
113,Tokoh-5,"['women', 'woman']"
113,Tokoh-6,['birds']
113,Tokoh-7,['judge']
113,Tokoh-8,['hawk']
113,Tokoh-9,['nun']
113,Tokoh-10,['man']
113,Tokoh-11,['men']
114,Tokoh-1,['father']
114,Tokoh-2,['woman']
114,Tokoh-3,['jack']
114,Tokoh-4,['boy']
114,Tokoh-5,['son']
115,Tokoh-1,['miss mary emerson']
115,Tokoh-2,['louisa may alcott']
115,Tokoh-3,"['william emerson', 'william']"
115,Tokoh-4,"['mrs emerson', 'mr emerson', 'mrs']"
115,Tokoh-5,['preacher']
115,Tokoh-6,['children']
115,Tokoh-7,['minister']
115,Tokoh-8,['husband']
115,Tokoh-9,['friends']
115,Tokoh-10,['heroes']
115,Tokoh-11,['edward']
115,Tokoh-12,['father']
115,Tokoh-13,['mother']
115,Tokoh-14,['horse']
115,Tokoh-15,['nurse']
115,Tokoh-16,['lamb']
115,Tokoh-17,['maid']
115,Tokoh-18,['wife']
115,Tokoh-19,['boys']
115,Tokoh-20,['man']
116,Tokoh-1,['mr franklin']
116,Tokoh-2,['friends']
116,Tokoh-3,['brother']
116,Tokoh-4,['father']
116,Tokoh-5,['kitten']
116,Tokoh-6,['women']
116,Tokoh-7,['fairy']
116,Tokoh-8,['baby']
116,Tokoh-9,['girl']
116,Tokoh-10,['boy']
116,Tokoh-11,['man']
116,Tokoh-12,['men']
116,Tokoh-13,['son']
117,Tokoh-1,['mr nicholls']
117,Tokoh-2,['miss bront']
117,Tokoh-3,['gentlemen']
117,Tokoh-4,['ja eyre']
117,Tokoh-5,['husband']
117,Tokoh-6,['sister']
117,Tokoh-7,['father']
117,Tokoh-8,['friend']
117,Tokoh-9,['child']
118,Tokoh-1,['gentleman']
118,Tokoh-2,['elephants']
118,Tokoh-3,['servant']
118,Tokoh-4,['farmer']
118,Tokoh-5,['man']
119,Tokoh-1,['kings college']
119,Tokoh-2,['friends']
119,Tokoh-3,['soldier']
119,Tokoh-4,['captain']
119,Tokoh-5,['father']
119,Tokoh-6,['mother']
119,Tokoh-7,['child']
119,Tokoh-8,['wife']
119,Tokoh-9,['boy']
119,Tokoh-10,['man']
119,Tokoh-11,['men']
120,Tokoh-1,['inamuraya gensuke']
120,Tokoh-2,['nagaraya']
120,Tokoh-3,['daughter']
120,Tokoh-4,['merchant']
120,Tokoh-5,['husband']
120,Tokoh-6,['priest']
120,Tokoh-7,['o-sono']
120,Tokoh-8,['mother']
120,Tokoh-9,['friend']
120,Tokoh-10,['ladies']
120,Tokoh-11,['woman']
120,Tokoh-12,['child']
120,Tokoh-13,['rat']
120,Tokoh-14,['boy']
120,Tokoh-15,['man']
120,Tokoh-16,['son']
121,Tokoh-1,['children']
121,Tokoh-2,['servant']
121,Tokoh-3,['o-yuki']
121,Tokoh-4,['mother']
121,Tokoh-5,['woman']
121,Tokoh-6,"['girls', 'girl']"
121,Tokoh-7,['wife']
121,Tokoh-8,"['boys', 'boy']"
121,Tokoh-9,['son']
121,Tokoh-10,['man']
122,Tokoh-1,['masai ngaje ngai']
122,Tokoh-2,"['women', 'woman']"
122,Tokoh-3,['harry']
122,Tokoh-4,['helen']
122,Tokoh-5,['man']
123,Tokoh-1,['policeman']
123,Tokoh-2,['officer']
123,Tokoh-3,['friend']
123,Tokoh-4,['man']
123,Tokoh-5,['men']
124,Tokoh-1,['george b cortelyou']
124,Tokoh-2,['gentleman']
124,Tokoh-3,['policeman']
124,Tokoh-4,['brother']
124,Tokoh-5,['thomas']
124,Tokoh-6,['mother']
124,Tokoh-7,['pigs']
124,Tokoh-8,"['boys', 'boy']"
124,Tokoh-9,['dog']
124,Tokoh-10,['man']
124,Tokoh-11,['cat']
125,Tokoh-1,['policeman']
125,Tokoh-2,['children']
125,Tokoh-3,['teacher']
125,Tokoh-4,"['gladys', 'lady']"
125,Tokoh-5,['sister']
125,Tokoh-6,['father']
125,Tokoh-7,['johnny']
125,Tokoh-8,['jack']
125,Tokoh-9,['girl']
125,Tokoh-10,['boy']
125,Tokoh-11,['man']
126,Tokoh-1,['captain kidd']
126,Tokoh-2,['father']
126,Tokoh-3,['ladies']
126,Tokoh-4,['snake']
126,Tokoh-5,['widow']
126,Tokoh-6,['lady']
126,Tokoh-7,['boys']
126,Tokoh-8,['man']
127,Tokoh-1,['miss ashburton']
127,Tokoh-2,['gentleman']
127,Tokoh-3,['daughter']
127,Tokoh-4,['hunter']
127,Tokoh-5,['mother']
127,Tokoh-6,['ghost']
127,Tokoh-7,['lady']
127,Tokoh-8,['girl']
127,Tokoh-9,['boy']
127,Tokoh-10,['man']
128,Tokoh-1,"['gladys vavasour-smith', 'gladys']"
128,Tokoh-2,"['henry r grasty', 'henry']"
128,Tokoh-3,['mr snooper']
128,Tokoh-4,['mr grasty']
128,Tokoh-5,['daughter']
128,Tokoh-6,['preacher']
128,Tokoh-7,"['tom bean', 'tom']"
128,Tokoh-8,['lawyer']
128,Tokoh-9,['woman']
128,Tokoh-10,['man']
129,Tokoh-1,['miss fairchild']
129,Tokoh-2,['mr marshal']
129,Tokoh-3,['mr easton']
129,Tokoh-4,"['friends', 'friend']"
129,Tokoh-5,['officer']
129,Tokoh-6,['heroes']
129,Tokoh-7,['father']
129,Tokoh-8,['woman']
129,Tokoh-9,['girl']
129,Tokoh-10,['man']
129,Tokoh-11,['men']
130,Tokoh-1,"['sir everhard fitzarmond', 'sir everllard', 'sir everhard']"
130,Tokoh-2,"['lord oakhurst', 'lady oakhurst', 'lord']"
130,Tokoh-3,['husband']
130,Tokoh-4,['king']
130,Tokoh-5,['wife']
130,Tokoh-6,['girl']
130,Tokoh-7,['cow']
130,Tokoh-8,['man']
131,Tokoh-1,['mrs frank leslie']
131,Tokoh-2,['mr prospector']
131,Tokoh-3,['brother']
131,Tokoh-4,['farmer']
131,Tokoh-5,['friend']
131,Tokoh-6,['hunter']
131,Tokoh-7,['woman']
131,Tokoh-8,['judge']
131,Tokoh-9,['man']
132,Tokoh-1,"['miss lore excuse', 'miss lore']"
132,Tokoh-2,['mr pen']
132,Tokoh-3,['woman']
132,Tokoh-4,['birds']
132,Tokoh-5,['will']
132,Tokoh-6,['girl']
132,Tokoh-7,['nun']
132,Tokoh-8,['man']
132,Tokoh-9,['cat']
133,Tokoh-1,['captain carruthers']
133,Tokoh-2,['minister']
133,Tokoh-3,['brother']
133,Tokoh-4,['sister']
133,Tokoh-5,['friend']
133,Tokoh-6,['bird']
133,Tokoh-7,['man']
133,Tokoh-8,['men']
134,Tokoh-1,"['mr r lionel whyte-melville bloomsbury square london', 'mr']"
134,Tokoh-2,['lord chesterfield wear']
134,Tokoh-3,['king edward hotel']
134,Tokoh-4,"['corny brannigan', 'corny']"
134,Tokoh-5,"['gentleman', 'gentlemen']"
134,Tokoh-6,['friend']
134,Tokoh-7,"['women', 'woman']"
134,Tokoh-8,['birds']
134,Tokoh-9,['horse']
134,Tokoh-10,['lady']
134,Tokoh-11,['wife']
134,Tokoh-12,['bill']
134,Tokoh-13,['man']
135,Tokoh-1,['neighbor']
135,Tokoh-2,['brother']
135,Tokoh-3,['friend']
135,Tokoh-4,['woman']
135,Tokoh-5,['snake']
135,Tokoh-6,['child']
135,Tokoh-7,['wolf']
135,Tokoh-8,['wife']
135,Tokoh-9,['len']
135,Tokoh-10,['rat']
135,Tokoh-11,['boy']
135,Tokoh-12,['man']
135,Tokoh-13,['men']
136,Tokoh-1,['robert emmet-sangerbund society']
136,Tokoh-2,"['miss de st montmorency', 'miss']"
136,Tokoh-3,['mr st gaudens']
136,Tokoh-4,['mrs liberty']
136,Tokoh-5,['merchant']
136,Tokoh-6,['doctor']
136,Tokoh-7,['sister']
136,Tokoh-8,['mother']
136,Tokoh-9,['diana']
136,Tokoh-10,['horse']
136,Tokoh-11,['lady']
136,Tokoh-12,['girl']
136,Tokoh-13,['cat']
137,Tokoh-1,"['princess ostla', 'princess']"
137,Tokoh-2,['sir knight']
137,Tokoh-3,['student']
137,Tokoh-4,['monkey']
137,Tokoh-5,['horse']
137,Tokoh-6,['king']
137,Tokoh-7,['lady']
138,Tokoh-1,['sir john morgan lafitte']
138,Tokoh-2,['sir francis drake']
138,Tokoh-3,"['frank goodwin', 'frank']"
138,Tokoh-4,['mrs goodwin']
138,Tokoh-5,['gentlemen']
138,Tokoh-6,['master']
138,Tokoh-7,['prince']
138,Tokoh-8,['woman']
138,Tokoh-9,['judge']
138,Tokoh-10,['queen']
138,Tokoh-11,['fairy']
138,Tokoh-12,['king']
138,Tokoh-13,['lady']
138,Tokoh-14,['wife']
138,Tokoh-15,['boy']
138,Tokoh-16,['man']
138,Tokoh-17,['men']
139,Tokoh-1,['miss leslie']
139,Tokoh-2,['mr pitcher']
139,Tokoh-3,['mr maxwell']
139,Tokoh-4,['lady']
139,Tokoh-5,['wife']
139,Tokoh-6,['boys']
139,Tokoh-7,['man']
139,Tokoh-8,['men']
140,Tokoh-1,"['mr mcchesney', 'mr henry']"
140,Tokoh-2,['gentleman']
140,Tokoh-3,"['sparrows', 'sparrow']"
140,Tokoh-4,"['friends', 'friend']"
140,Tokoh-5,"['birds', 'bird']"
140,Tokoh-6,['hero']
140,Tokoh-7,['man']
141,Tokoh-1,['mr goodwin your']
141,Tokoh-2,"['miss wahrfield', 'mr wahrfield']"
141,Tokoh-3,['frank goodwin']
141,Tokoh-4,['woman']
141,Tokoh-5,['lady']
141,Tokoh-6,['dogs']
141,Tokoh-7,['maid']
141,Tokoh-8,['man']
142,Tokoh-1,"['miss martha meacham', 'miss martha']"
142,Tokoh-2,['judge']
142,Tokoh-3,['lady']
142,Tokoh-4,['man']
142,Tokoh-5,['men']
142,Tokoh-6,['cat']
143,Tokoh-1,['dr le martin']
143,Tokoh-2,['morrison']
143,Tokoh-3,['servant']
143,Tokoh-4,['father']
143,Tokoh-5,['priest']
143,Tokoh-6,['friend']
143,Tokoh-7,['women']
143,Tokoh-8,['widow']
143,Tokoh-9,['crows']
143,Tokoh-10,['deer']
143,Tokoh-11,['wife']
144,Tokoh-1,['joseph smith']
144,Tokoh-2,['brother']
144,Tokoh-3,['ladies']
144,Tokoh-4,['women']
144,Tokoh-5,['men']
145,Tokoh-1,['children']
145,Tokoh-2,"['women', 'woman']"
145,Tokoh-3,['girl']
145,Tokoh-4,['boys']
145,Tokoh-5,['man']
145,Tokoh-6,['men']
146,Tokoh-1,['john slover']
146,Tokoh-2,['james girty']
146,Tokoh-3,['friends']
146,Tokoh-4,"['horses', 'horse']"
146,Tokoh-5,['doctor']
146,Tokoh-6,['giant']
146,Tokoh-7,['pony']
146,Tokoh-8,['bear']
146,Tokoh-9,['cock']
146,Tokoh-10,['boy']
146,Tokoh-11,['man']
146,Tokoh-12,['men']
147,Tokoh-1,['children']
147,Tokoh-2,"['friends', 'friend']"
147,Tokoh-3,['prince']
147,Tokoh-4,['hunter']
147,Tokoh-5,['mother']
147,Tokoh-6,['women']
147,Tokoh-7,['king']
147,Tokoh-8,['men']
148,Tokoh-1,"['simon girty', 'simon']"
148,Tokoh-2,['children']
148,Tokoh-3,['friends']
148,Tokoh-4,['officer']
148,Tokoh-5,['george']
148,Tokoh-6,['women']
148,Tokoh-7,['james']
148,Tokoh-8,['king']
148,Tokoh-9,['dog']
148,Tokoh-10,['man']
148,Tokoh-11,['men']
149,Tokoh-1,['mrs luella bates washington jones']
149,Tokoh-2,['mrs jones']
149,Tokoh-3,['brother']
149,Tokoh-4,['king jr']
149,Tokoh-5,['friend']
149,Tokoh-6,['ladies']
149,Tokoh-7,['mother']
149,Tokoh-8,['woman']
149,Tokoh-9,['kid']
149,Tokoh-10,['boy']
149,Tokoh-11,['son']
150,Tokoh-1,['prince lieutenant-general']
150,Tokoh-2,['children']
150,Tokoh-3,['soldier']
150,Tokoh-4,['priest']
150,Tokoh-5,['giants']
150,Tokoh-6,['women']
150,Tokoh-7,['horse']
150,Tokoh-8,['king']
150,Tokoh-9,['lord']
150,Tokoh-10,['man']
150,Tokoh-11,['men']
151,Tokoh-1,['john henry']
151,Tokoh-2,['miss bush']
151,Tokoh-3,['brother']
151,Tokoh-4,['mother']
151,Tokoh-5,['daddy']
151,Tokoh-6,['queen']
151,Tokoh-7,['mama']
151,Tokoh-8,['king']
151,Tokoh-9,['baby']
151,Tokoh-10,['papa']
151,Tokoh-11,['goat']
151,Tokoh-12,['man']
151,Tokoh-13,['men']
152,Tokoh-1,['heroes']
152,Tokoh-2,['friend']
152,Tokoh-3,['mary']
152,Tokoh-4,['bear']
152,Tokoh-5,['men']
153,Tokoh-1,['mr editor']
153,Tokoh-2,['hero']
153,Tokoh-3,['man']
154,Tokoh-1,['merchant']
154,Tokoh-2,['daughter']
154,Tokoh-3,['witch']
155,Tokoh-1,['brother']
155,Tokoh-2,['captain']
155,Tokoh-3,['master']
155,Tokoh-4,['father']
155,Tokoh-5,['witch']
155,Tokoh-6,['boy']
155,Tokoh-7,['man']
156,Tokoh-1,['friends']
156,Tokoh-2,['soldier']
156,Tokoh-3,['father']
156,Tokoh-4,['child']
156,Tokoh-5,['maid']
156,Tokoh-6,['rat']
156,Tokoh-7,['boy']
156,Tokoh-8,['man']
156,Tokoh-9,['men']
156,Tokoh-10,['son']
157,Tokoh-1,['daughter']
157,Tokoh-2,['snake']
157,Tokoh-3,['elves']
157,Tokoh-4,['queen']
157,Tokoh-5,['fairy']
157,Tokoh-6,['lady']
157,Tokoh-7,['man']
157,Tokoh-8,['son']
158,Tokoh-1,['captain geranium']
158,Tokoh-2,['true born']
158,Tokoh-3,['neighbour']
158,Tokoh-4,['officer']
158,Tokoh-5,['soldier']
158,Tokoh-6,"['horses', 'horse']"
158,Tokoh-7,['doctor']
158,Tokoh-8,['friend']
158,Tokoh-9,['frogs']
158,Tokoh-10,['rose']
158,Tokoh-11,['man']
158,Tokoh-12,['men']
159,Tokoh-1,['man']
159,Tokoh-2,['men']
160,Tokoh-1,['gentlemen']
160,Tokoh-2,['mrs knoph']
160,Tokoh-3,['ladies']
160,Tokoh-4,['lady']
160,Tokoh-5,['lord']
160,Tokoh-6,['girl']
160,Tokoh-7,"['boys', 'boy']"
161,Tokoh-1,['mr wardle']
161,Tokoh-2,['children']
161,Tokoh-3,['priest']
161,Tokoh-4,['prince']
161,Tokoh-5,['ghosts']
161,Tokoh-6,['women']
161,Tokoh-7,['wolf']
161,Tokoh-8,['dog']
161,Tokoh-9,['man']
161,Tokoh-10,['men']
161,Tokoh-11,['pig']
162,Tokoh-1,['friend']
162,Tokoh-2,['camel']
162,Tokoh-3,['horse']
162,Tokoh-4,['dog']
162,Tokoh-5,['man']
162,Tokoh-6,['ox']
164,Tokoh-1,"['fishes', 'fish']"
164,Tokoh-2,"['whales', 'whale']"
164,Tokoh-3,['mother']
164,Tokoh-4,['girls']
164,Tokoh-5,['boys']
164,Tokoh-6,['man']
164,Tokoh-7,['men']
165,Tokoh-1,['brother']
165,Tokoh-2,['sister']
165,Tokoh-3,['father']
165,Tokoh-4,['mother']
165,Tokoh-5,['camel']
165,Tokoh-6,['woman']
165,Tokoh-7,['thief']
165,Tokoh-8,['child']
165,Tokoh-9,['judge']
165,Tokoh-10,['horse']
165,Tokoh-11,['maid']
165,Tokoh-12,['lord']
165,Tokoh-13,['wife']
165,Tokoh-14,['boy']
165,Tokoh-15,['man']
165,Tokoh-16,['men']
165,Tokoh-17,['pig']
166,Tokoh-1,['lord paramount']
166,Tokoh-2,['horses']
166,Tokoh-3,['father']
166,Tokoh-4,['ladies']
166,Tokoh-5,['mother']
166,Tokoh-6,['goats']
166,Tokoh-7,['dogs']
166,Tokoh-8,['baby']
166,Tokoh-9,['wife']
166,Tokoh-10,['boy']
166,Tokoh-11,['man']
167,Tokoh-1,['gentleman']
167,Tokoh-2,['officer']
167,Tokoh-3,['captain']
167,Tokoh-4,['friend']
167,Tokoh-5,['rats']
167,Tokoh-6,['boy']
167,Tokoh-7,['man']
167,Tokoh-8,['men']
168,Tokoh-1,['scairt']
168,Tokoh-2,['friend']
168,Tokoh-3,['woman']
168,Tokoh-4,['snake']
168,Tokoh-5,['girl']
168,Tokoh-6,['boy']
168,Tokoh-7,['man']
169,Tokoh-1,['gentleman']
169,Tokoh-2,['husband']
169,Tokoh-3,['prince']
169,Tokoh-4,['friend']
169,Tokoh-5,['woman']
169,Tokoh-6,['thief']
169,Tokoh-7,['queen']
169,Tokoh-8,['king']
169,Tokoh-9,['wolf']
169,Tokoh-10,['dog']
169,Tokoh-11,['man']
169,Tokoh-12,['men']
169,Tokoh-13,['son']
170,Tokoh-1,"['jock coan', 'jock']"
170,Tokoh-2,['fir co']
170,Tokoh-3,"['giants', 'giant']"
170,Tokoh-4,['child']
170,Tokoh-5,['boys']
170,Tokoh-6,['man']
170,Tokoh-7,['men']
171,Tokoh-1,"['mrs schreidlerling', 'mrs schreiderling']"
171,Tokoh-2,"['miss gaurey', 'mrs gaurey']"
171,Tokoh-3,['daughter']
171,Tokoh-4,['husband']
171,Tokoh-5,['doctor']
171,Tokoh-6,['mother']
171,Tokoh-7,"['women', 'woman']"
171,Tokoh-8,['horse']
171,Tokoh-9,['lady']
171,Tokoh-10,['pony']
171,Tokoh-11,['wife']
171,Tokoh-12,['man']
171,Tokoh-13,['men']
172,Tokoh-1,"['mr hawkins', 'mr']"
172,Tokoh-2,['merchant']
172,Tokoh-3,['friends']
172,Tokoh-4,['mumrath']
172,Tokoh-5,['officer']
172,Tokoh-6,['servant']
172,Tokoh-7,['doctor']
172,Tokoh-8,['man']
173,Tokoh-1,"['dingo yellow-dog', 'dingo']"
173,Tokoh-2,['gentleman']
173,Tokoh-3,['dog']
173,Tokoh-4,['man']
173,Tokoh-5,['son']
174,Tokoh-1,['professor peterson']
174,Tokoh-2,"['children', 'child']"
174,Tokoh-3,['doctor']
174,Tokoh-4,['friend']
174,Tokoh-5,['horse']
174,Tokoh-6,['baby']
174,Tokoh-7,['boy']
174,Tokoh-8,['man']
174,Tokoh-9,['son']
175,Tokoh-1,"['miss blandyre', 'miss']"
175,Tokoh-2,['mother']
175,Tokoh-3,['child']
175,Tokoh-4,['tiger']
175,Tokoh-5,['men']
175,Tokoh-6,['son']
176,Tokoh-1,['john hay']
176,Tokoh-2,"['friends', 'friend']"
176,Tokoh-3,['doctor']
176,Tokoh-4,['woman']
176,Tokoh-5,['ghost']
176,Tokoh-6,['king']
176,Tokoh-7,['man']
176,Tokoh-8,['men']
177,Tokoh-1,['officer']
177,Tokoh-2,['captain']
177,Tokoh-3,['husband']
177,Tokoh-4,['father']
177,Tokoh-5,['ladies']
177,Tokoh-6,"['women', 'woman']"
177,Tokoh-7,['widow']
177,Tokoh-8,['lady']
177,Tokoh-9,['wife']
177,Tokoh-10,['man']
177,Tokoh-11,['men']
178,Tokoh-1,"['mrs cusack-bremmil', 'mrs', 'mr']"
178,Tokoh-2,['mrs hauksbee']
178,Tokoh-3,"['lady lytton', 'lady']"
178,Tokoh-4,['husband']
178,Tokoh-5,['friends']
178,Tokoh-6,['bremmil']
178,Tokoh-7,['master']
178,Tokoh-8,['child']
178,Tokoh-9,['woman']
178,Tokoh-10,['queen']
178,Tokoh-11,['wife']
178,Tokoh-12,['baby']
178,Tokoh-13,['lord']
178,Tokoh-14,['boy']
178,Tokoh-15,['tom']
178,Tokoh-16,['man']
178,Tokoh-17,['men']
179,Tokoh-1,['policeman']
179,Tokoh-2,['children']
179,Tokoh-3,['brother']
179,Tokoh-4,['mother']
179,Tokoh-5,['woman']
179,Tokoh-6,['bear']
179,Tokoh-7,['wife']
179,Tokoh-8,['men']
180,Tokoh-1,['children']
180,Tokoh-2,['donkey']
180,Tokoh-3,['ladies']
180,Tokoh-4,['women']
180,Tokoh-5,['bulls']
180,Tokoh-6,['sheep']
180,Tokoh-7,['rats']
180,Tokoh-8,['pigs']
180,Tokoh-9,['goat']
180,Tokoh-10,['man']
180,Tokoh-11,['men']
180,Tokoh-12,['cat']
181,Tokoh-1,['gentleman']
181,Tokoh-2,['horses']
181,Tokoh-3,['men']
182,Tokoh-1,['gentleman']
182,Tokoh-2,['horses']
182,Tokoh-3,['men']
183,Tokoh-1,['brother']
183,Tokoh-2,['doctor']
183,Tokoh-3,['master']
183,Tokoh-4,['father']
183,Tokoh-5,['mother']
183,Tokoh-6,['girls']
183,Tokoh-7,['will']
183,Tokoh-8,['bill']
183,Tokoh-9,['dog']
183,Tokoh-10,['joe']
184,Tokoh-1,"['collins babies', 'collins']"
184,Tokoh-2,"['bill anderson', 'bill']"
184,Tokoh-3,['brother']
184,Tokoh-4,['father']
184,Tokoh-5,['sister']
184,Tokoh-6,['mother']
184,Tokoh-7,['child']
184,Tokoh-8,['baby']
184,Tokoh-9,"['boys', 'boy']"
184,Tokoh-10,['men']
185,Tokoh-1,['man']
185,Tokoh-2,['men']
186,Tokoh-1,"['lord rosebery', 'lords', 'lord']"
186,Tokoh-2,['lord halifax']
186,Tokoh-3,['bill']
187,Tokoh-1,['ladies']
187,Tokoh-2,['man']
188,Tokoh-1,['miss laura jean libby']
188,Tokoh-2,['miss beatrix fairfax']
188,Tokoh-3,['mr leacock']
188,Tokoh-4,['father']
188,Tokoh-5,['friend']
188,Tokoh-6,['woman']
188,Tokoh-7,"['girls', 'girl']"
188,Tokoh-8,['lady']
188,Tokoh-9,['wife']
188,Tokoh-10,['boy']
188,Tokoh-11,['man']
188,Tokoh-12,['men']
189,Tokoh-1,['friends']
189,Tokoh-2,['doctor']
189,Tokoh-3,['man']
189,Tokoh-4,['men']
190,Tokoh-1,['jiggins']
190,Tokoh-2,['fido']
190,Tokoh-3,['dog']
190,Tokoh-4,['boy']
190,Tokoh-5,['man']
190,Tokoh-6,['men']
191,Tokoh-1,"['boys', 'boy']"
191,Tokoh-2,['dog']
191,Tokoh-3,['man']
191,Tokoh-4,['men']
192,Tokoh-1,['mr montgomery']
192,Tokoh-2,['gentleman']
192,Tokoh-3,['man']
192,Tokoh-4,['men']
192,Tokoh-5,['son']
193,Tokoh-1,['friend']
193,Tokoh-2,['lady']
193,Tokoh-3,['men']
194,Tokoh-1,"['mr alonzo robinson yesterday', 'mr alonzo robinson', 'mr alonzo']"
194,Tokoh-2,['miss melinda de smythe']
194,Tokoh-3,['miss carlotta jones']
194,Tokoh-4,"['mrs de smythe', 'mr de smythe', 'mrs de']"
194,Tokoh-5,"['mrs mcfiggin', 'mr mcfiggin']"
194,Tokoh-6,['mr robinson']
194,Tokoh-7,"['gentleman', 'gentlemen']"
194,Tokoh-8,['mr whiner']
194,Tokoh-9,['daughter']
194,Tokoh-10,['master']
194,Tokoh-11,['horse']
194,Tokoh-12,['bird']
195,Tokoh-1,"['friends', 'friend']"
195,Tokoh-2,['brother']
195,Tokoh-3,['husband']
195,Tokoh-4,['child']
195,Tokoh-5,['jones']
195,Tokoh-6,['lady']
195,Tokoh-7,['baby']
195,Tokoh-8,['wife']
195,Tokoh-9,['papa']
195,Tokoh-10,['dog']
195,Tokoh-11,['boy']
195,Tokoh-12,['man']
195,Tokoh-13,['cat']
195,Tokoh-14,['mr']
196,Tokoh-1,['santa claus']
196,Tokoh-2,"['mrs brown', 'mrs']"
196,Tokoh-3,"['children', 'child']"
196,Tokoh-4,['father']
196,Tokoh-5,['mother']
196,Tokoh-6,['jones']
196,Tokoh-7,"['kids', 'kid']"
196,Tokoh-8,"['boys', 'boy']"
196,Tokoh-9,['men']
196,Tokoh-10,['dad']
197,Tokoh-1,['suburban trolley car']
197,Tokoh-2,['indoor football']
197,Tokoh-3,['grand slam']
197,Tokoh-4,['elephant']
197,Tokoh-5,['friends']
197,Tokoh-6,['down']
198,Tokoh-1,['joe gee']
198,Tokoh-2,['rabbit']
198,Tokoh-3,['king']
198,Tokoh-4,['bear']
198,Tokoh-5,['wife']
198,Tokoh-6,['man']
198,Tokoh-7,['men']
199,Tokoh-1,['giant']
200,Tokoh-1,['yog-sothoth']
