storyID,sentenceID,character,normalized_characters
1,1,Dyspeptic,dyspeptic
1,9,Thief,thief
1,19,Man,man
1,21,Man,man
1,22,Man,man
1,23,Girl,girl
1,24,Man,man
1,26,Women,women
1,27,Man,man
1,34,Cow,cow
1,38,Dyspeptic,dyspeptic
2,1,Preacher,preacher
2,2,Parishioners,parishioners
2,4,Preacher,preacher
2,8,Minister,minister
2,10,Preacher,preacher
2,11,Woman,woman
2,15,Preacher,preacher
2,17,Preacher,preacher
2,19,Parishioners,parishioners
2,22,Preacher,preacher
2,24,Parishioner,parishioner
2,28,Robert Browning,robert browning
2,28,Boy,boy
2,31,Birds,birds
2,37,Lady,lady
2,40,Whale,whale
2,41,Preacher,preacher
2,43,Preacher,preacher
2,45,Preacher,preacher
3,1,Men,men
3,2,Men,men
3,3,Fred,fred
3,3,Eustace,eustace
3,4,Fred,fred
3,4,Eustace,eustace
3,5,Fred,fred
3,5,Eustace,eustace
3,7,Fred,fred
3,7,Eustace,eustace
3,7,Women,women
3,8,Myrtle,myrtle
3,9,Men,men
3,10,Fred,fred
3,10,Eustace,eustace
3,11,Myrtle,myrtle
3,11,Girl,girl
3,12,Myrtle,myrtle
3,12,Fred,fred
3,13,Queen,queen
3,14,Gus,gus
3,15,Bird,bird
3,17,Fred,fred
3,18,Girl,girl
3,22,Fred,fred
3,23,Myrtle,myrtle
3,23,Gus,gus
3,24,Girl,girl
3,28,Boy,boy
3,30,Lady,lady
3,32,Maxine Elliott,maxi elliott
3,34,Man,man
3,35,Friends,friends
3,36,Fred,fred
3,36,Eustace,eustace
3,36,Gus,gus
3,37,Myrtle,myrtle
3,37,Gus,gus
3,38,Gus,gus
3,39,Myrtle,myrtle
3,41,Fred,fred
3,41,Myrtle,myrtle
3,41,Eustace,eustace
3,41,Myrtle,myrtle
3,44,Gus,gus
3,47,Fred,fred
3,47,Eustace,eustace
3,48,Gus,gus
3,49,Miss Prentice,miss prentice
3,49,Girl,girl
3,49,Miss Prentice,miss prentice
3,49,Miss Prentice,miss prentice
3,50,Eustace,eustace
3,51,Boys,boys
3,53,Myrtle,myrtle
3,55,Fred,fred
3,55,Eustace,eustace
3,55,Gus,gus
3,56,Myrtle,myrtle
3,58,Fred,fred
3,58,Eustace,eustace
3,63,Gus,gus
3,63,Myrtle,myrtle
3,64,Gus,gus
3,65,Myrtle,myrtle
3,66,Girl,girl
3,67,Fred,fred
3,67,Eustace,eustace
3,70,Gus,gus
3,70,Myrtle,myrtle
3,71,Mother,mother
3,71,Gentleman,gentleman
3,72,Gus,gus
4,1,Merrys,merrys
4,1,girl,girl
4,5,father,father
4,6,papa,papa
4,7,mother,mother
4,9,boy,boy
4,9,mother,mother
4,10,papa,papa
4,11,Children,children
4,12,woman,woman
4,12,baby,baby
4,13,children,children
4,14,boy,boy
4,15,girls,girls
4,16,children,children
4,17,child,child
4,19,children,children
4,23,mother,mother
4,25,papa,papa
4,25,girl,girl
4,27,baby,baby
4,27,mother,mother
4,27,children,children
4,31,woman,woman
4,33,fairies,fairies
4,34,Papa,papa
4,35,children,children
4,35,woman,woman
4,43,Papa,papa
4,43,child,child
4,43,baby,baby
4,44,mother,mother
4,45,children,children
4,46,girls,girls
5,1,girl,girl
5,2,mother,mother
5,2,Louisa May Alcott,louisa may alcott
5,3,Louisa,louisa
5,5,children,children
5,7,Louisa,louisa
5,7,playmates,playmates
5,9,children,children
5,11,mother,mother
5,15,dog,dog
5,16,Girl,girl
5,17,Louisa,louisa
5,18,dog,dog
5,21,child,child
5,22,father,father
5,22,mother,mother
5,23,man,man
5,24,man,man
5,24,girl,girl
5,25,Louisa,louisa
5,26,Mrs Alcott,mrs alcott
5,26,Louisa,louisa
5,31,Louisa,louisa
5,31,child,child
5,31,mother,mother
5,38,mother,mother
5,38,Louisa,louisa
5,38,child,child
5,38,girl,girl
5,39,Louisa,louisa
5,39,mother,mother
5,39,Mrs Alcott,mrs alcott
5,40,Louisa,louisa
5,41,Men,men
5,41,Women,women
5,41,Louisa Alcott,louisa alcott
5,42,Louisa,louisa
5,42,children,children
5,43,nurse,nurse
5,44,father,father
5,48,boys,boys
5,48,girls,girls
5,48,Louisa May Alcott,louisa may alcott
6,1,frogs,frogs
6,8,men,men
6,14,friend,friend
6,15,Pigs,pigs
6,16,pigs,pigs
6,16,friends,friends
6,17,pigs,pigs
6,17,gentlemen,gentlemen
6,18,pigs,pigs
6,18,pigs,pigs
6,18,pigs,pigs
6,19,pigs,pigs
7,3,maid,maid
7,4,pigs,pigs
7,4,child,child
7,10,Mrs,mrs
7,10,pigs,pigs
7,11,pigs,pigs
7,13,Mrs Gleason,mrs gleason
7,14,woman,woman
7,14,pigs,pigs
7,17,birds,birds
7,18,cats,cats
7,19,pigs,pigs
7,19,Mrs Gleason,mrs gleason
7,19,pigs,pigs
7,20,pig,pig
7,20,girl,girl
7,21,pigs,pigs
7,21,pig,pig
7,22,thief,thief
7,22,rats,rats
7,25,pig,pig
7,27,pigs,pigs
7,29,Mr Gleason,mr gleason
7,29,boy,boy
7,29,pigs,pigs
7,33,pig,pig
7,41,girl,girl
7,47,pig,pig
7,47,girl,girl
7,48,child,child
7,49,pigs,pigs
7,50,mother,mother
7,52,girl,girl
8,1,gentleman,gentleman
8,13,lady,lady
8,21,gentleman,gentleman
8,23,master,master
8,28,lady,lady
8,50,gentleman,gentleman
8,68,gentleman,gentleman
8,72,widow,widow
9,10,toads,toads
9,12,children,children
9,12,Mother,mother
9,12,father,father
9,15,Father,father
9,17,Mother,mother
9,24,Father,father
9,29,Father,father
9,34,Mother,mother
9,37,wife,wife
9,41,wife,wife
9,44,queen,queen
9,52,Mother,mother
9,53,son,son
9,55,wife,wife
9,61,Miss Snail,miss snail
9,65,bear,bear
9,66,Father,father
9,66,children,children
9,68,men,men
10,3,daughter,daughter
10,3,King,king
10,5,man,man
10,8,Queen,queen
10,10,Princess,princess
10,12,man,man
10,13,King,king
10,19,Princess,princess
10,20,King,king
10,20,daughter,daughter
10,22,Princess,princess
11,2,girl,girl
11,4,mother,mother
11,5,children,children
11,11,goose,goose
11,13,father,father
11,23,girl,girl
11,25,goose,goose
11,26,goose,goose
11,26,girl,girl
11,33,girl,girl
11,38,goose,goose
11,42,girl,girl
11,43,child,child
12,2,pig,pig
12,3,pig,pig
12,9,men,men
12,9,women,women
12,32,men,men
12,32,women,women
13,7,child,child
13,10,boy,boy
13,11,child,child
13,12,boy,boy
13,14,child,child
13,15,boy,boy
13,20,boy,boy
13,21,man,man
13,23,boy,boy
13,28,boy,boy
13,33,boy,boy
13,37,boy,boy
13,38,children,children
13,39,children,children
13,41,student,student
13,45,father,father
13,45,mother,mother
13,47,boy,boy
14,5,child,child
14,9,boy,boy
14,14,boy,boy
14,19,man,man
14,19,boy,boy
14,20,man,man
14,21,boy,boy
14,29,boy,boy
14,35,boy,boy
14,36,man,man
14,38,boy,boy
14,39,children,children
14,40,children,children
14,40,girls,girls
14,40,boys,boys
14,43,student,student
14,44,girls,girls
14,48,father,father
14,48,mother,mother
14,51,boy,boy
14,54,boy,boy
15,1,gentleman,gentleman
15,10,lady,lady
15,13,man,man
15,14,gentleman,gentleman
15,15,master,master
15,21,Mistress,mistress
15,21,widow,widow
15,21,mistress,mistress
15,21,widow,widow
15,34,gentleman,gentleman
15,39,lady,lady
15,48,gentleman,gentleman
15,52,widow,widow
16,1,prince,prince
16,2,mother,mother
16,2,baby,baby
16,3,prince,prince
16,6,prince,prince
16,8,prince,prince
16,8,prince,prince
16,14,prince,prince
16,14,Prince,prince
16,15,prince,prince
16,18,prince,prince
16,19,eagles,eagles
16,21,eagles,eagles
16,22,prince,prince
16,23,prince,prince
16,23,eagles,eagles
16,24,prince,prince
16,26,prince,prince
16,30,prince,prince
16,31,prince,prince
16,35,prince,prince
17,16,men,men
17,18,men,men
17,31,men,men
17,53,James,james
17,62,man,man
17,62,Mr Dreiser,mr dreiser
17,65,man,man
17,66,man,man
17,66,Mr Dreiser,mr dreiser
17,74,man,man
17,79,man,man
17,83,brother,brother
17,83,men,men
18,4,dog,dog
18,11,man,man
18,13,horse,horse
18,24,boy,boy
18,27,son,son
18,28,son,son
18,29,cows,cows
18,32,son,son
18,36,cows,cows
18,39,children,children
18,41,sheep,sheep
18,42,children,children
18,49,child,child
19,1,man,man
19,2,man,man
19,3,man,man
19,4,child,child
19,10,man,man
19,16,Tom,tom
19,19,man,man
19,20,father,father
19,20,man,man
19,22,man,man
19,24,Tom,tom
19,24,girl,girl
19,27,father,father
19,28,man,man
19,31,horses,horses
19,34,father,father
19,38,man,man
19,42,brother,brother
19,43,man,man
19,44,man,man
19,51,brother,brother
19,52,man,man
19,53,man,man
19,56,man,man
19,61,brother,brother
19,61,man,man
19,63,wife,wife
19,66,wife,wife
19,67,man,man
19,68,man,man
19,70,man,man
19,70,man,man
19,71,Tom,tom
19,71,wife,wife
19,71,Tom,tom
19,71,Tom,tom
20,1,men,men
20,2,man,man
20,4,wife,wife
20,5,woman,woman
20,9,father,father
20,18,wife,wife
20,19,man,man
20,24,wife,wife
20,27,neighbor,neighbor
20,29,wife,wife
20,45,wife,wife
20,45,girl,girl
20,46,servant,servant
20,46,wife,wife
20,51,wife,wife
20,52,wife,wife
20,54,child,child
20,60,wife,wife
20,61,woman,woman
20,65,man,man
20,67,man,man
20,67,woman,woman
20,71,wife,wife
21,3,donkey,donkey
21,7,donkey,donkey
21,11,man,man
21,11,wife,wife
21,12,wife,wife
21,12,rats,rats
21,13,rats,rats
21,14,donkey,donkey
21,14,wife,wife
21,15,woman,woman
21,16,children,children
21,18,man,man
21,18,children,children
21,19,woman,woman
21,20,wife,wife
21,28,snakes,snakes
21,29,men,men
21,30,man,man
21,34,wife,wife
21,39,Sarah,sarah
21,40,wife,wife
21,41,rats,rats
21,43,wife,wife
21,43,wife,wife
21,44,Samuel,samuel
21,44,neighbour,neighbour
21,44,donkey,donkey
21,45,Sarah,sarah
21,46,Samuel,samuel
21,47,Samuel,samuel
21,52,men,men
21,52,Samuel,samuel
21,54,Samuel,samuel
22,1,Mary,mary
22,2,Mary,mary
22,6,Mary,mary
22,6,mother,mother
22,7,elephant,elephant
22,10,Mary,mary
22,13,Mary,mary
22,18,Mary,mary
22,19,father,father
22,23,Mary,mary
22,25,fairy,fairy
22,29,father,father
22,30,Mary,mary
22,32,father,father
22,40,wife,wife
22,40,children,children
22,41,baby,baby
22,42,father,father
22,42,mother,mother
22,43,children,children
22,43,babies,babies
22,44,nurse,nurse
22,46,babies,babies
22,47,father,father
22,48,Mary,mary
22,48,fairy,fairy
22,49,father,father
22,51,babies,babies
22,55,baby,baby
22,56,father,father
22,61,children,children
22,63,Mary,mary
22,64,father,father
22,70,bird,bird
22,74,brother,brother
22,76,Mary,mary
22,83,father,father
22,88,friend,friend
22,92,father,father
22,93,father,father
22,94,friends,friends
22,95,father,father
22,96,children,children
22,97,Mary,mary
22,99,father,father
23,1,man,man
23,10,women,women
23,11,birds,birds
23,35,mother,mother
23,37,mother,mother
23,37,friends,friends
23,39,mother,mother
23,40,friends,friends
24,1,Alice,alice
24,1,girl,girl
24,5,birds,birds
24,7,mother,mother
24,8,bird,bird
24,10,child,child
24,13,Alice,alice
24,16,Alice,alice
24,18,bird,bird
24,20,bird,bird
24,23,Alice,alice
24,26,friend,friend
24,28,Alice,alice
24,28,bird,bird
24,32,Alice,alice
24,33,father,father
24,34,mother,mother
24,34,Alice,alice
24,36,Alice,alice
24,37,bird,bird
24,40,Alice,alice
24,43,bird,bird
24,43,Alice,alice
24,44,Alice,alice
24,46,friend,friend
24,50,Alice,alice
24,53,mother,mother
24,56,bear,bear
24,57,man,man
24,58,bird,bird
24,60,child,child
24,64,bird,bird
25,2,Mrs Grove,mrs grove
25,9,brother,brother
25,10,Mrs Grove,mrs grove
25,12,child,child
25,14,Mrs Grove,mrs grove
25,14,girl,girl
25,15,Mrs Grove,mrs grove
25,16,child,child
25,16,mother,mother
25,20,Mrs Grove,mrs grove
25,23,mother,mother
25,27,mother,mother
25,31,man,man
25,31,man,man
25,34,mother,mother
25,37,mother,mother
25,39,mother,mother
25,39,man,man
25,43,child,child
25,44,mother,mother
25,55,father,father
26,2,cat,cat
26,3,rabbits,rabbits
26,5,mother,mother
26,6,cat,cat
26,6,rabbits,rabbits
26,8,dog,dog
26,8,Lion,lion
26,11,dog,dog
26,11,cat,cat
26,12,man,man
26,12,dog,dog
26,12,rabbits,rabbits
26,13,mother,mother
26,15,mother,mother
26,15,children,children
26,15,rabbits,rabbits
26,19,cat,cat
26,21,mother,mother
26,22,Mattie,mattie
26,26,Baby,baby
26,26,cat,cat
26,27,children,children
26,28,men,men
26,28,women,women
26,29,Mattie,mattie
26,29,mother,mother
26,32,child,child
26,33,mother,mother
26,36,Mattie,mattie
26,37,child,child
26,40,mother,mother
26,42,hawk,hawk
26,42,birds,birds
26,46,rabbits,rabbits
26,46,cat,cat
26,47,cat,cat
26,47,rabbits,rabbits
26,48,mother,mother
26,50,Mattie,mattie
26,54,Mattie,mattie
27,1,Androclus,androclus
27,2,master,master
27,2,man,man
27,2,Androclus,androclus
27,6,lion,lion
27,7,Androclus,androclus
27,8,lion,lion
27,9,Androclus,androclus
27,10,lion,lion
27,12,Androclus,androclus
27,12,lion,lion
27,14,lion,lion
27,15,dog,dog
27,15,friend,friend
27,16,Androclus,androclus
27,16,lion,lion
27,17,lion,lion
27,17,Androclus,androclus
27,17,friends,friends
27,17,Androclus,androclus
27,18,Androclus,androclus
27,20,master,master
27,20,lion,lion
27,21,lion,lion
27,24,Androclus,androclus
27,25,lion,lion
27,27,lion,lion
27,29,Androclus,androclus
27,30,friend,friend
27,30,lion,lion
27,31,man,man
27,31,lion,lion
27,32,Androclus,androclus
27,32,lion,lion
27,34,Androclus,androclus
27,36,man,man
27,36,man,man
27,37,lion,lion
27,42,lion,lion
27,44,Androclus,androclus
27,44,lion,lion
28,1,boy,boy
28,1,An-to,an-to
28,2,father,father
28,5,boys,boys
28,7,man,man
28,10,boy,boy
28,14,man,man
28,14,Count,count
28,15,Count,count
28,15,friends,friends
28,19,boy,boy
28,21,man,man
28,28,Count,count
28,32,Count,count
28,35,man,man
28,38,man,man
28,41,man,man
28,46,boy,boy
28,47,man,man
28,51,lion,lion
28,55,man,man
28,57,Count,count
28,57,friends,friends
28,57,lion,lion
28,61,Count,count
28,62,friends,friends
28,63,servant,servant
28,64,boy,boy
28,64,servant,servant
28,65,friends,friends
28,65,Count,count
28,65,servant,servant
28,65,boy,boy
28,67,teacher,teacher
28,68,boy,boy
28,68,teacher,teacher
28,72,Count,count
29,1,King Richard,king richard
29,1,King John,king john
29,2,king,king
29,2,deer,deer
29,3,men,men
29,5,deer,deer
29,6,Robin Hood,robin hood
29,8,Robin Hood,robin hood
29,8,king,king
29,9,man,man
29,10,Robin,robin
29,10,men,men
29,10,men,men
29,11,friend,friend
29,12,men,men
29,15,Robin Hood,robin hood
29,16,Robin Hood,robin hood
29,17,birds,birds
29,17,man,man
29,18,man,man
29,19,Robin Hood,robin hood
29,20,Robin,robin
29,21,man,man
29,27,Robin Hood,robin hood
29,27,man,man
29,28,men,men
29,29,man,man
29,31,Robin,robin
29,33,man,man
29,36,Robin,robin
29,37,man,man
29,39,father,father
29,39,man,man
29,42,Robin,robin
29,43,man,man
29,44,Robin,robin
29,44,man,man
29,45,servant,servant
29,47,Robin,robin
29,50,Robin,robin
29,53,Robin,robin
29,57,Robin Hood,robin hood
29,58,man,man
29,60,girl,girl
29,62,Robin,robin
29,65,men,men
29,68,Robin,robin
29,70,Robin,robin
29,70,Robin Hood,robin hood
29,71,man,man
30,2,King,king
30,4,men,men
30,11,man,man
30,11,Ho-ra,ho-ra
30,15,men,men
30,16,men,men
30,24,friends,friends
30,30,men,men
30,35,man,man
30,38,friends,friends
30,40,men,men
30,40,man,man
31,2,king,king
31,2,John,john
31,3,king,king
31,4,king,king
31,5,Abbey,abbey
31,6,men,men
31,7,King,king
31,7,John,john
31,8,man,man
31,12,man,man
31,12,king,king
31,13,man,man
31,14,king,king
31,16,friends,friends
31,18,king,king
31,21,king,king
31,24,king,king
31,26,king,king
31,28,King,king
31,28,John,john
31,30,king,king
31,33,king,king
31,37,King,king
31,37,John,john
31,40,friends,friends
31,45,master,master
31,47,King,king
31,47,John,john
31,49,master,master
31,50,man,man
31,56,horse,horse
31,56,king,king
31,64,man,man
31,65,horse,horse
31,66,king,king
31,67,Sir Abbot,sir abbot
31,71,king,king
31,74,king,king
31,79,king,king
31,85,king,king
31,92,king,king
31,94,king,king
31,96,king,king
31,98,King,king
31,98,John,john
32,1,King Max-i-mil,king max-i-mil
32,4,king,king
32,6,king,king
32,15,king,king
32,19,boy,boy
32,20,geese,geese
32,21,king,king
32,21,boy,boy
32,23,boy,boy
32,24,boy,boy
32,26,king,king
32,26,boy,boy
32,30,king,king
32,32,boy,boy
32,34,king,king
32,37,king,king
32,39,boy,boy
32,39,geese,geese
32,41,king,king
32,42,boy,boy
32,46,king,king
32,47,boy,boy
32,47,king,king
32,52,king,king
32,53,boy,boy
32,55,king,king
32,57,geese,geese
32,58,king,king
32,59,boy,boy
32,61,geese,geese
32,61,master,master
32,63,king,king
32,65,geese,geese
32,67,goose,goose
32,67,boy,boy
32,69,geese,geese
32,70,king,king
32,72,king,king
32,73,boy,boy
32,73,geese,geese
32,74,king,king
32,75,king,king
32,76,boy,boy
32,77,geese,geese
32,78,king,king
32,79,friends,friends
32,80,boy,boy
32,81,man,man
32,81,king,king
33,2,man,man
33,2,Wil-helm,wil-helm
33,3,girl,girl
33,4,boy,boy
33,8,Wil-helm,wil-helm
33,11,child,child
33,14,child,child
33,15,child,child
33,18,master,master
33,19,man,man
33,20,child,child
33,23,man,man
33,24,child,child
33,29,child,child
33,30,child,child
33,32,friends,friends
33,50,man,man
33,58,child,child
33,65,man,man
33,78,child,child
34,1,king,king
34,2,men,men
34,3,king,king
34,3,man,man
34,4,men,men
34,7,men,men
34,13,king,king
34,16,men,men
34,17,king,king
34,17,men,men
34,18,king,king
34,20,men,men
34,21,king,king
34,25,Dobbin,dobbin
34,26,man,man
34,31,men,men
34,31,king,king
34,34,men,men
34,34,men,men
34,35,horses,horses
34,36,men,men
34,42,man,man
34,46,men,men
34,51,men,men
34,54,master,master
34,54,bird,bird
34,57,bird,bird
34,61,man,man
34,64,man,man
34,74,man,man
34,76,man,man
34,77,men,men
34,81,king,king
34,83,king,king
34,83,king,king
35,1,gentleman,gentleman
35,2,Char-ney,char-ney
35,10,Char-ney,char-ney
35,31,man,man
35,36,man,man
35,41,Char-ney,char-ney
35,45,dog,dog
35,56,lord,lord
35,56,lady,lady
35,77,man,man
35,77,man,man
35,80,girl,girl
35,83,girl,girl
35,88,wife,wife
35,90,man,man
35,93,men,men
35,94,friend,friend
36,1,man,man
36,1,Walter Raleigh,walter raleigh
36,2,queen,queen
36,2,Sir,sir
36,2,Walter Raleigh,walter raleigh
36,4,man,man
36,13,Queen,queen
36,15,man,man
36,18,queen,queen
36,19,man,man
36,21,queen,queen
36,24,man,man
36,26,Walter Raleigh,walter raleigh
36,27,queen,queen
36,29,man,man
36,30,men,men
36,30,ladies,ladies
36,30,queen,queen
36,31,Sir,sir
36,31,Walter Raleigh,walter raleigh
36,32,Sir,sir
36,32,Walter Raleigh,walter raleigh
36,32,Sir Humphrey Gilbert,sir humphrey gilbert
36,33,Sir Humphrey,sir humphrey
36,33,Sir,sir
36,33,Walter,walter
36,34,Sir,sir
36,34,Walter,walter
36,34,men,men
36,37,Sir,sir
36,37,Walter,walter
36,39,Sir,sir
36,39,Walter,walter
36,40,friends,friends
36,41,Sir,sir
36,41,Walter,walter
36,43,Sir,sir
36,43,Walter,walter
36,44,servant,servant
36,45,man,man
36,50,men,men
36,52,Sir,sir
36,52,Walter Raleigh,walter raleigh
37,1,man,man
37,1,Bar-me-cide,bar-me-cide
37,4,man,man
37,4,Schac-a-bac,schac-a-bac
37,6,king,king
37,7,Schac-a-bac,schac-a-bac
37,7,Bar-me-cide,bar-me-cide
37,8,servant,servant
37,8,master,master
37,12,man,man
37,19,Ho,ho
37,19,boy,boy
37,22,man,man
37,24,man,man
37,26,boy,boy
37,30,friend,friend
37,34,Boy,boy
37,34,man,man
37,34,goose,goose
37,34,friend,friend
37,38,lamb,lamb
37,52,Boy,boy
37,53,lord,lord
37,55,man,man
37,61,man,man
38,3,King,king
38,5,child,child
38,6,king,king
38,8,men,men
38,8,women,women
38,8,children,children
38,12,king,king
38,25,man,man
38,27,child,child
38,29,child,child
38,34,man,man
38,40,man,man
38,42,friend,friend
38,42,horse,horse
38,44,horse,horse
38,45,horse,horse
38,49,man,man
38,53,horse,horse
38,55,boys,boys
38,55,dogs,dogs
38,56,horse,horse
38,57,man,man
38,57,child,child
38,61,horse,horse
38,69,horse,horse
38,72,master,master
38,76,men,men
38,76,women,women
38,76,children,children
38,77,horse,horse
38,78,master,master
38,81,horse,horse
38,85,horse,horse
39,1,King Robert Bruce,king robert bruce
39,1,man,man
39,1,Doug-las,doug-las
39,3,friend,friend
39,3,king,king
39,7,Women,women
39,9,men,men
39,12,wife,wife
39,12,child,child
39,19,farmer,farmer
39,22,men,men
39,26,woman,woman
39,28,child,child
39,30,soldier,soldier
39,33,men,men
39,34,woman,woman
39,34,child,child
39,35,mother,mother
40,1,king,king
40,6,king,king
40,8,man,man
40,8,wife,wife
40,8,king,king
40,11,man,man
40,12,daughter,daughter
40,12,men,men
40,14,man,man
40,17,king,king
40,17,man,man
40,18,king,king
40,19,man,man
40,19,daughter,daughter
40,19,wife,wife
40,20,king,king
40,24,king,king
40,27,king,king
40,31,man,man
40,33,king,king
40,34,king,king
40,36,Man,man
40,36,man,man
40,37,king,king
40,39,daughter,daughter
40,41,daughter,daughter
40,43,king,king
41,1,Inch-cape Rock,inch-cape rock
41,4,man,man
41,4,Abbot,abbot
41,12,Abbot,abbot
41,14,Inch-cape Rock,inch-cape rock
41,15,robber,robber
41,15,Ralph,ralph
41,18,Ralph,ralph
41,24,Boys,boys
41,25,Ralph,ralph
41,29,robber,robber
41,33,Ralph,ralph
41,35,robber,robber
41,36,Ralph,ralph
41,42,Ralph,ralph
41,48,Ralph,ralph
41,54,Ralph,ralph
42,1,king,king
42,3,men,men
42,3,king,king
42,5,friends,friends
42,11,hawk,hawk
42,11,hawks,hawks
42,13,deer,deer
42,13,rabbit,rabbit
42,17,king,king
42,19,king,king
42,20,hawk,hawk
42,22,king,king
42,29,king,king
42,29,horse,horse
42,32,king,king
42,37,king,king
42,38,hawk,hawk
42,39,hawk,hawk
42,40,king,king
42,43,hawk,hawk
42,44,king,king
42,45,hawk,hawk
42,46,king,king
42,52,Sir Hawk,sir hawk
42,53,hawk,hawk
42,54,king,king
42,55,bird,bird
42,56,hawk,hawk
42,64,snake,snake
42,65,king,king
42,67,bird,bird
42,68,hawk,hawk
42,70,friend,friend
42,72,bird,bird
42,73,horse,horse
43,1,Paul Revere,paul revere
43,1,king,king
43,3,king,king
43,6,men,men
43,6,king,king
43,10,men,men
43,11,king,king
43,11,men,men
43,13,men,men
43,22,man,man
43,22,Paul Revere,paul revere
43,24,friend,friend
43,30,Paul Revere,paul revere
43,34,friend,friend
43,35,Paul Revere,paul revere
43,39,horse,horse
43,41,Paul Revere,paul revere
43,41,horse,horse
43,45,soldier,soldier
43,52,horse,horse
43,58,horse,horse
43,63,Paul Revere,paul revere
43,64,bird,bird
43,64,horse,horse
43,69,Paul Revere,paul revere
43,75,horse,horse
43,81,Paul Revere,paul revere
43,90,men,men
43,91,Battle,battle
43,92,Revolutionary War,revolutionary war
43,96,man,man
44,1,king,king
44,1,Wil-liam,wil-liam
44,2,King,king
44,2,Wil-liam,wil-liam
44,2,men,men
44,5,king,king
44,6,king,king
44,7,men,men
44,7,men,men
44,9,king,king
44,10,boys,boys
44,11,men,men
44,12,Robert,robert
44,14,men,men
44,14,boy,boy
44,14,bird,bird
44,14,bird,bird
44,15,hawk,hawk
44,15,Robert,robert
44,16,hawk,hawk
44,16,bird,bird
44,17,William,william
44,19,man,man
44,19,boy,boy
44,19,bird,bird
44,19,bird,bird
44,20,eagle,eagle
44,20,William,william
44,21,eagle,eagle
44,22,birds,birds
44,22,king,king
44,23,brother,brother
44,23,Henry,henry
44,25,man,man
44,25,boy,boy
44,25,bird,bird
44,25,bird,bird
44,26,Henry,henry
44,28,men,men
44,28,king,king
44,29,son,son
44,29,Robert,robert
44,31,son,son
44,31,William,william
44,31,eagle,eagle
44,33,son,son
44,33,Henry,henry
44,36,boys,boys
44,36,men,men
44,37,King,king
44,37,William,william
44,38,men,men
44,38,Robert,robert
44,38,William,william
44,38,King,king
44,38,Henry,henry
44,39,men,men
44,40,Robert,robert
44,40,hawk,hawk
44,41,father,father
44,42,William,william
44,43,men,men
44,44,Henry,henry
44,44,King,king
44,44,father,father
45,1,man,man
45,1,Cin-cin-na,cin-cin-na
45,7,men,men
45,9,men,men
45,9,women,women
45,9,children,children
45,11,man,man
45,11,soldier,soldier
45,12,women,women
45,12,children,children
45,12,boys,boys
45,12,men,men
45,13,men,men
45,15,men,men
45,15,horses,horses
45,21,horses,horses
45,23,men,men
45,26,men,men
45,28,horses,horses
45,28,men,men
45,30,man,man
45,33,boys,boys
45,38,men,men
45,43,wife,wife
45,45,men,men
45,46,men,men
45,48,men,men
45,51,boys,boys
45,51,men,men
45,54,men,men
45,56,boys,boys
45,58,king,king
45,58,man,man
46,1,Car-thage,car-thage
46,2,Car-thage,car-thage
46,4,men,men
46,4,Car-thage,car-thage
46,5,Reg,reg
46,5,man,man
46,7,wife,wife
46,7,children,children
46,22,wife,wife
46,22,children,children
46,30,wife,wife
46,30,children,children
46,33,man,man
46,38,wife,wife
46,38,children,children
47,1,King Henry,king henry
47,1,son,son
47,1,William,william
47,2,man,man
47,2,King,king
47,3,Prince,prince
47,3,William,william
47,3,father,father
47,4,prince,prince
47,6,king,king
47,6,men,men
47,6,Prince,prince
47,6,William,william
47,6,friends,friends
47,16,prince,prince
47,25,prince,prince
47,25,friends,friends
47,30,prince,prince
47,31,sister,sister
47,33,men,men
47,35,prince,prince
47,35,sister,sister
47,38,prince,prince
47,39,man,man
47,41,King Henry,king henry
47,41,son,son
47,41,bear,bear
47,43,men,men
47,44,teacher,teacher
48,3,man,man
48,3,children,children
48,4,children,children
48,4,men,men
48,4,women,women
48,7,cow,cow
48,8,man,man
48,8,children,children
48,8,man,man
48,8,children,children
48,8,mother,mother
48,9,Queen Catherine,queen catheri
48,9,king,king
48,9,friend,friend
48,10,Titian,titian
48,10,Titian,titian
48,11,king,king
48,13,son,son
48,13,children,children
48,14,children,children
48,14,mother,mother
48,15,king,king
48,17,king,king
48,17,children,children
48,19,sister,sister
48,22,king,king
48,22,mother,mother
48,22,Queen Catherine,queen catheri
48,23,children,children
49,2,baby,baby
49,3,child,child
49,5,parrot,parrot
49,7,father,father
49,10,mother,mother
49,10,men,men
49,11,Papa,papa
49,11,giant,giant
49,14,sister,sister
49,15,brother,brother
49,17,brother,brother
49,17,David,david
49,18,David,david
49,18,horses,horses
49,20,horse,horse
49,21,horse,horse
49,22,dog,dog
49,24,baby,baby
49,25,David,david
49,30,teacher,teacher
49,31,man,man
49,31,child,child
49,31,dog,dog
49,31,cat,cat
49,32,teacher,teacher
49,39,teacher,teacher
49,40,teacher,teacher
49,41,nurse,nurse
49,42,brother,brother
49,42,David,david
49,45,horse,horse
49,45,David,david
49,46,man,man
49,54,Miss Barton,miss barton
49,55,Miss,miss
49,58,girl,girl
50,1,farmer,farmer
50,1,mother,mother
50,7,farmer,farmer
50,7,mother,mother
50,10,mother,mother
50,15,mother,mother
50,16,son,son
50,19,mother,mother
50,22,son,son
50,28,mother,mother
50,33,son,son
50,33,mother,mother
50,38,son,son
50,38,mother,mother
50,49,farmer,farmer
51,9,boys,boys
51,10,dog,dog
51,13,mouse,mouse
51,14,mouse,mouse
51,15,mouse,mouse
51,19,dog,dog
51,21,dog,dog
51,22,man,man
51,22,dog,dog
51,22,man,man
51,22,dog,dog
51,25,Queen,queen
51,26,Queen,queen
51,27,friend,friend
51,28,Queen,queen
51,29,friend,friend
51,30,Queen,queen
51,31,Queen,queen
51,31,lords,lords
51,31,ladies,ladies
51,33,mouse,mouse
51,33,mouse,mouse
51,34,mouse,mouse
51,35,ladies,ladies
51,35,lords,lords
51,35,Queen,queen
51,42,mouse,mouse
51,45,cat,cat
51,46,mistress,mistress
51,46,cats,cats
51,48,maid,maid
51,48,mistress,mistress
51,49,Queen,queen
51,51,mouse,mouse
52,1,Tom,tom
52,1,Tom,tom
52,1,son,son
52,1,pig,pig
52,1,pig,pig
52,1,Tom,tom
52,1,Tom,tom
52,5,son,son
52,5,Tom,tom
52,5,mother,mother
52,5,baby,baby
52,6,Tom,tom
52,6,boy,boy
52,6,father,father
52,7,Tom,tom
52,8,Tom,tom
52,8,Tom,tom
52,8,son,son
52,10,father,father
52,12,Tom,tom
52,12,Farmer,farmer
52,14,father,father
52,15,Tom,tom
52,15,Farmer,farmer
52,15,Tom,tom
52,15,Tom,tom
52,15,son,son
52,16,father,father
52,17,Farmer,farmer
52,17,Tom,tom
52,18,farmer,farmer
52,18,wife,wife
52,19,pig,pig
52,20,Tom,tom
52,21,farmer,farmer
52,21,Tom,tom
52,22,boy,boy
52,22,father,father
52,22,farmer,farmer
52,22,pig,pig
52,26,pig,pig
52,26,pig,pig
52,27,Tom,tom
52,28,farmer,farmer
52,28,pig,pig
52,29,pig,pig
52,29,farmer,farmer
52,29,Tom,tom
52,29,pig,pig
52,30,pig,pig
52,30,Tom,tom
52,30,son,son
52,30,pig,pig
52,31,king,king
52,32,pig,pig
52,33,Tom,tom
52,33,father,father
52,34,son,son
52,34,pig,pig
52,35,Tom,tom
52,36,Farmer,farmer
52,36,pig,pig
52,37,pig,pig
52,39,pig,pig
52,40,pig,pig
52,41,pig,pig
52,42,pig,pig
52,43,pig,pig
52,44,farmer,farmer
52,44,Tom,tom
52,46,farmer,farmer
52,47,Tom,tom
52,48,farmer,farmer
52,48,pig,pig
52,49,pig,pig
52,50,Tom,tom
52,51,pig,pig
52,52,farmer,farmer
52,55,boy,boy
52,58,farmer,farmer
52,58,Tom,tom
52,59,Tom,tom
52,59,farmer,farmer
52,60,father,father
52,60,Tom,tom
52,62,Tom,tom
52,62,pig,pig
52,63,Tom,tom
52,63,Tom,tom
52,63,son,son
52,63,pigs,pigs
53,5,horse,horse
53,5,officer,officer
53,8,man,man
53,11,man,man
53,13,officer,officer
53,19,horses,horses
53,24,horse,horse
53,25,man,man
53,28,officer,officer
53,30,man,man
53,34,horse,horse
53,34,man,man
53,37,horse,horse
53,38,captain,captain
53,39,man,man
53,43,horse,horse
54,9,soldier,soldier
54,9,hero,hero
54,16,man,man
54,22,Men,men
54,23,men,men
54,24,man,man
54,33,gentlemen,gentlemen
55,1,man,man
55,1,James H Conway,james h conway
55,2,man,man
55,2,Mr Lawrence Barting,mr lawrence barting
55,3,captain,captain
55,4,lawyer,lawyer
55,5,man,man
55,5,Mr Conway,mr conway
55,7,Mr Conway,mr conway
55,10,Mr Foley,mr foley
55,10,Mr Barting,mr barting
55,12,Mr Barting,mr barting
55,21,Mr Conway,mr conway
55,22,Mr Barting,mr barting
55,24,Mr Conway,mr conway
55,27,man,man
55,29,man,man
55,30,widow,widow
56,1,men,men
56,2,ghosts,ghosts
56,6,Dr Frayley,dr frayley
56,16,doctor,doctor
56,17,servant,servant
56,20,doctor,doctor
56,24,friends,friends
56,27,student,student
56,31,man,man
56,39,man,man
56,40,Dr Mannering,dr mannering
56,46,ghost,ghost
56,48,man,man
56,50,men,men
56,51,Dr Frayley,dr frayley
56,67,friend,friend
56,67,Doctor,doctor
56,68,man,man
56,69,friend,friend
57,8,men,men
57,9,woman,woman
57,22,man,man
57,29,woman,woman
57,30,man,man
57,32,men,men
57,32,women,women
57,34,Ladies,ladies
57,34,gentlemen,gentlemen
58,1,David,david
58,1,William Duck,william duck
58,2,Duck,duck
58,2,man,man
58,3,Duck,duck
58,4,soldier,soldier
58,6,men,men
58,6,Captain Fetterman,captain fetterman
58,9,Henry,henry
58,17,man,man
58,21,bear,bear
58,32,man,man
58,32,William Briscoe,william briscoe
58,34,Duck,duck
58,35,owl,owl
58,40,Duck,duck
58,46,Bill Briscoe,bill briscoe
58,48,Duck,duck
59,1,father,father
59,3,father,father
59,7,father,father
59,9,dog,dog
59,9,crow,crow
59,11,father,father
59,13,crow,crow
59,16,man,man
59,19,father,father
59,23,man,man
59,25,father,father
59,26,mother,mother
59,33,judge,judge
59,35,father,father
59,46,father,father
60,2,man,man
60,13,Bird,bird
60,20,men,men
60,28,children,children
60,48,man,man
60,49,owl,owl
60,51,man,man
60,51,owl,owl
60,60,giant,giant
60,74,wolves,wolves
61,3,Man,man
61,9,man,man
61,14,John Holcomb,john holcomb
61,14,lawyer,lawyer
61,14,teacher,teacher
61,14,men,men
61,22,man,man
61,26,men,men
61,32,men,men
61,33,man,man
62,1,Harding,harding
62,8,Harding,harding
62,8,Robert,robert
62,8,Harding,harding
62,8,wife,wife
62,8,Miss Julia Went,miss julia went
62,8,sister,sister
62,8,children,children
62,9,Robert,robert
62,9,Harding,harding
62,9,man,man
62,9,friends,friends
62,13,Mrs,mrs
62,13,Harding,harding
62,13,woman,woman
62,14,mother,mother
62,15,husband,husband
62,16,Harding,harding
62,19,Hyatt,hyatt
62,19,Harding,harding
62,23,men,men
62,24,Hyatt,hyatt
62,28,minister,minister
62,31,friends,friends
62,32,Harding,harding
62,35,Harding,harding
62,49,Mrs,mrs
62,49,Harding,harding
62,50,Robert,robert
62,50,Harding,harding
63,1,Mr William Holt,mr william holt
63,2,Mr Holt,mr holt
63,2,wife,wife
63,6,brother,brother
63,26,wife,wife
63,26,child,child
63,32,brother,brother
63,33,rat,rat
63,35,brother,brother
63,39,wife,wife
63,39,child,child
64,1,wife,wife
64,1,mother,mother
64,1,son,son
64,2,friends,friends
64,2,man,man
64,3,Mr Ashmore,mr ashmore
64,5,Charles Ashmore,charles ashmore
64,6,father,father
64,7,daughter,daughter
64,7,Martha,martha
64,9,father,father
64,10,father,father
64,11,girl,girl
64,12,man,man
64,14,Mr Ashmore,mr ashmore
64,16,man,man
64,16,girl,girl
64,23,mother,mother
64,24,son,son
64,28,Charles Ashmore,charles ashmore
64,30,Charles Ashmore,charles ashmore
64,30,mother,mother
65,5,friend,friend
65,19,man,man
65,30,bear,bear
65,48,dog,dog
65,59,woman,woman
66,2,father,father
66,2,mother,mother
66,3,father,father
66,3,dogs,dogs
66,3,mother,mother
66,6,dogs,dogs
66,7,father,father
66,10,dogs,dogs
66,15,father,father
66,17,dog,dog
66,20,children,children
66,20,mother,mother
66,23,father,father
66,23,puppy,puppy
66,27,father,father
66,27,mother,mother
66,28,dogs,dogs
66,31,mother,mother
66,31,dogs,dogs
66,31,father,father
66,33,mother,mother
66,33,father,father
66,35,mother,mother
66,36,children,children
66,37,father,father
66,43,father,father
66,46,father,father
66,50,lady,lady
66,53,man,man
66,53,woman,woman
66,56,father,father
66,56,mother,mother
67,1,Henry Armstrong,henry armstrong
67,1,man,man
67,7,Henry Armstrong,henry armstrong
67,11,men,men
67,11,Henry Armstrong,henry armstrong
67,15,horse,horse
67,18,Henry Armstrong,henry armstrong
67,19,men,men
67,27,horse,horse
67,32,Henry Armstrong,henry armstrong
68,1,man,man
68,1,Daniel Baker,daniel baker
68,6,man,man
68,9,Mr Cummings,mr cummings
68,9,minister,minister
68,11,Mr Cummings,mr cummings
68,11,horse,horse
68,12,man,man
68,13,man,man
68,15,Mr Cummings,mr cummings
68,15,horse,horse
68,16,man,man
68,17,minister,minister
68,18,man,man
68,19,Mr Cummings,mr cummings
68,19,man,man
68,21,horse,horse
68,22,minister,minister
68,24,horse,horse
68,25,John White Corwell,john white corwell
68,26,man,man
68,27,Mr Cummings,mr cummings
68,27,horse,horse
68,28,men,men
68,30,Daniel Baker,daniel baker
68,30,Samuel Morritz,samuel morritz
69,1,men,men
69,2,Doctor,doctor
69,6,judge,judge
69,7,dog,dog
69,11,dog,dog
69,11,dog,dog
69,17,dogs,dogs
69,18,dog,dog
69,20,dog,dog
69,34,dog,dog
69,38,dog,dog
69,39,Dr Halderman,dr halderman
69,49,man,man
69,54,man,man
69,61,man,man
70,1,Williamson,williamson
70,1,wife,wife
70,1,child,child
70,6,horses,horses
70,8,Williamson,williamson
70,8,neighbor,neighbor
70,9,Mr Wren,mr wren
70,9,son,son
70,9,James,james
70,10,Mr Wren,mr wren
70,10,son,son
70,10,Mr,mr
70,10,Williamson,williamson
70,10,horses,horses
70,11,Mr Wren,mr wren
70,11,Mr,mr
70,11,Williamson,williamson
70,11,horses,horses
70,12,Williamson,williamson
70,13,horses,horses
70,14,James Wren,james wren
70,14,father,father
70,14,Mr,mr
70,14,Williamson,williamson
70,16,Williamson,williamson
70,18,son,son
70,19,boy,boy
70,19,Sam,sam
70,21,Sam,sam
70,21,Mrs,mrs
70,21,Williamson,williamson
70,21,child,child
70,25,husband,husband
70,28,Mr,mr
70,28,Williamson,williamson
70,29,James,james
70,30,Mrs,mrs
70,30,Williamson,williamson
70,31,boy,boy
70,31,James Wren,james wren
70,32,Williamson,williamson
70,34,Williamson,williamson
71,1,man,man
71,1,Herman Deluse,herman deluse
71,10,man,man
71,14,man,man
71,20,minister,minister
71,21,Mr Galbraith,mr galbraith
71,22,horse,horse
71,25,wife,wife
71,28,Mr Robert Mosely Maren,mr robert mosely maren
71,28,lawyer,lawyer
71,30,horse,horse
71,35,man,man
71,43,Mr Maren,mr maren
71,44,Mr Maren,mr maren
71,46,Mr Galbraith,mr galbraith
71,47,gentlemen,gentlemen
71,47,son,son
71,47,minister,minister
71,49,men,men
71,50,women,women
71,50,men,men
71,52,Mr Galbraith,mr galbraith
71,54,minister,minister
71,54,man,man
71,54,man,man
71,59,Mr Maren,mr maren
71,69,Mr Galbraith,mr galbraith
71,75,Mr Maren,mr maren
71,75,man,man
72,4,cat,cat
72,17,men,men
72,33,gentleman,gentleman
72,33,friend,friend
73,7,preacher,preacher
73,9,horses,horses
73,9,cows,cows
73,9,man,man
73,9,woman,woman
73,9,girls,girls
73,9,boy,boy
73,12,lawyer,lawyer
73,12,Judge,judge
73,29,woman,woman
73,30,woman,woman
73,31,man,man
73,32,girl,girl
73,42,Judge,judge
73,45,gentleman,gentleman
73,51,Judge,judge
73,53,Judge,judge
73,56,friend,friend
73,57,friends,friends
73,57,Judge,judge
74,1,man,man
74,1,sister,sister
74,7,man,man
74,8,son,son
74,8,brother,brother
74,15,sister,sister
74,18,man,man
74,24,father,father
74,25,Father,father
74,26,man,man
74,26,Father,father
74,27,man,man
74,28,soldier,soldier
74,29,soldier,soldier
74,32,mother,mother
74,34,husband,husband
74,35,sister,sister
74,36,mother,mother
74,42,soldier,soldier
74,47,soldier,soldier
75,5,men,men
75,6,men,men
75,6,officer,officer
75,7,Sir Andrew Aguecheek,sir andrew aguecheek
75,8,officer,officer
75,9,man,man
75,9,Will Dudley,will dudley
75,12,Will,will
75,14,officer,officer
75,19,men,men
75,22,men,men
75,24,men,men
75,33,captain,captain
75,37,men,men
75,38,man,man
76,1,man,man
76,1,Thord Overaas,thord overaas
76,3,son,son
76,5,father,father
76,7,men,men
76,7,women,women
76,9,priest,priest
76,15,priest,priest
76,17,priest,priest
76,18,Thord,thord
76,18,child,child
76,19,Thord,thord
76,20,Thord,thord
76,20,priest,priest
76,20,man,man
76,21,Thord,thord
76,22,priest,priest
76,23,son,son
76,24,boy,boy
76,25,priest,priest
76,25,boy,boy
76,27,priest,priest
76,29,priest,priest
76,29,Thord,thord
76,31,Thord,thord
76,32,men,men
76,32,Thord,thord
76,33,priest,priest
76,34,Thord,thord
76,34,son,son
76,34,daughter,daughter
76,35,girl,girl
76,37,priest,priest
76,37,men,men
76,38,Thord,thord
76,39,priest,priest
76,40,child,child
76,41,priest,priest
76,42,Thord,thord
76,43,Thord,thord
76,44,men,men
76,45,father,father
76,45,son,son
76,46,son,son
76,49,father,father
76,50,son,son
76,52,father,father
76,52,son,son
76,53,son,son
76,53,father,father
76,54,Thord,thord
76,54,son,son
76,56,father,father
76,56,son,son
76,58,priest,priest
76,59,priest,priest
76,59,man,man
76,60,priest,priest
76,61,Thord,thord
76,63,priest,priest
76,65,Thord,thord
76,66,priest,priest
76,68,Thord,thord
76,70,priest,priest
76,74,priest,priest
76,75,Thord,thord
76,77,Thord,thord
76,77,priest,priest
76,77,Thord,thord
76,78,priest,priest
76,78,son,son
76,79,Thord,thord
77,5,deer,deer
77,6,fish,fish
77,9,friends,friends
77,18,men,men
77,21,deer,deer
77,21,friends,friends
77,22,fish,fish
77,22,deer,deer
77,23,women,women
77,24,girls,girls
77,25,Mary Chilton,mary chilton
77,25,Mary Allerton,mary allerton
77,28,deer,deer
77,29,women,women
77,32,John Howland,john howland
77,34,John Alden,john alden
77,35,mother,mother
77,35,boy,boy
77,37,men,men
77,38,friends,friends
77,39,Captain Miles Standish,captain miles standish
77,41,Captain Shrimp,captain shrimp
77,42,captain,captain
77,42,men,men
77,43,Jack Billington,jack billington
77,44,boy,boy
77,48,king,king
77,48,friends,friends
77,52,John Carver,john carver
77,53,Rose Standish,rose standish
77,53,wife,wife
77,53,Captain Miles Standish,captain miles standish
77,54,wife,wife
77,54,husband,husband
77,57,children,children
78,7,Boy,boy
78,8,boys,boys
78,12,boys,boys
78,16,boys,boys
78,17,captain,captain
78,19,captain,captain
78,21,boys,boys
78,26,girls,girls
78,27,Boys,boys
78,32,men,men
78,36,men,men
78,39,men,men
78,41,men,men
78,43,man,man
78,50,women,women
78,51,DOG,dog
78,51,DOG,dog
79,5,friend,friend
79,44,friend,friend
80,8,children,children
80,8,Teacher,teacher
80,14,Children,children
80,20,children,children
80,24,Man,man
80,26,Man,man
80,33,Waymoth,waymoth
80,36,Dr,dr
80,36,Waymoth,waymoth
80,36,pigs,pigs
80,37,pigs,pigs
80,40,Teacher,teacher
80,40,children,children
80,53,children,children
81,1,Master,master
81,2,gentlemen,gentlemen
81,2,Professor Johnson,professor johnson
81,7,Professor Johnson,professor johnson
81,13,Professor Johnson,professor johnson
81,16,Professor Johnson,professor johnson
81,35,Professor Johnson,professor johnson
81,44,soldier,soldier
82,15,bird,bird
82,26,crow,crow
82,33,mouse,mouse
82,33,man,man
82,33,brother,brother
82,37,snake,snake
82,59,bird,bird
83,1,bear,bear
83,6,judge,judge
83,6,King Lear,king lear
83,7,son,son
83,9,Dr Orchard,dr orchard
83,11,Mrs Todd,mrs todd
83,12,man,man
83,13,friend,friend
83,15,Charles,charles
85,3,Lord,lord
85,5,Professor Russell,professor russell
85,11,Lord,lord
85,26,Mr F Kerigan,mr f kerigan
85,26,women,women
85,33,men,men
85,35,Sir G Staunton,sir g staunton
86,4,wife,wife
86,4,pig,pig
86,17,mother,mother
86,19,men,men
86,22,mother,mother
86,22,snake,snake
86,23,snake,snake
86,30,neighbor,neighbor
86,30,gentlemen,gentlemen
86,49,horses,horses
86,52,boys,boys
86,52,girls,girls
86,54,hares,hares
86,64,lady,lady
87,11,Birds,birds
87,26,girls,girls
87,28,Mr Archibald,mr archibald
87,29,Jane,ja
87,31,Jane,ja
87,31,Lucy,lucy
87,32,Lucy,lucy
87,33,sister,sister
87,34,Jane,ja
87,35,Mrs Brockett,mrs brockett
87,40,girls,girls
87,42,Girls,girls
87,42,man,man
87,43,Lucy,lucy
87,47,girl,girl
87,48,Lucy,lucy
87,53,boy,boy
87,59,bird,bird
87,61,minister,minister
87,62,man,man
87,68,minister,minister
88,1,friend,friend
88,17,women,women
88,24,women,women
88,48,camel,camel
88,57,men,men
88,62,camel,camel
88,67,bird,bird
88,75,serpent,serpent
88,108,friend,friend
89,1,Mrs Baroda,mrs baroda
89,1,husband,husband
89,1,friend,friend
89,3,husband,husband
89,4,man,man
89,5,friend,friend
89,5,man,man
89,5,man,man
89,11,husband,husband
89,13,woman,woman
89,16,dogs,dogs
89,17,fish,fish
89,18,Mrs Baroda,mrs baroda
89,21,husband,husband
89,24,friend,friend
89,25,husband,husband
89,32,Mrs,mrs
89,46,man,man
89,49,Mr Gouvernail,mr gouvernail
89,53,Mrs Baroda,mrs baroda
89,54,husband,husband
89,57,husband,husband
89,57,Mrs Baroda,mrs baroda
89,62,man,man
89,64,Mrs Baroda,mrs baroda
89,72,woman,woman
89,76,Mrs Baroda,mrs baroda
89,76,husband,husband
89,76,friend,friend
89,78,woman,woman
89,79,wife,wife
89,85,husband,husband
90,3,boy,boy
90,38,child,child
90,40,hen,hen
90,50,hen,hen
91,4,babies,babies
91,20,children,children
91,30,dogs,dogs
91,31,children,children
91,31,boy,boy
91,31,girl,girl
91,32,dogs,dogs
91,35,woman,woman
91,35,baby,baby
91,52,baby,baby
91,58,children,children
91,58,dogs,dogs
91,62,children,children
91,63,friends,friends
91,66,husband,husband
91,66,men,men
91,67,man,man
91,72,husband,husband
91,75,boy,boy
91,76,horses,horses
91,78,pony,pony
91,78,child,child
91,87,father,father
91,89,baby,baby
91,91,baby,baby
91,98,mother,mother
91,98,child,child
91,99,man,man
91,99,children,children
91,100,baby,baby
91,102,husband,husband
92,2,girl,girl
92,14,father,father
92,15,ladies,ladies
92,19,men,men
92,19,girl,girl
92,25,mother,mother
92,25,father,father
92,31,sister,sister
92,31,girl,girl
92,31,babies,babies
92,33,sister,sister
92,34,woman,woman
92,39,sister,sister
92,40,girl,girl
92,41,children,children
92,42,girl,girl
92,43,woman,woman
92,44,girl,girl
92,45,boy,boy
93,3,Mother,mother
93,7,men,men
93,10,father,father
93,10,mother,mother
93,13,gentleman,gentleman
93,15,farmer,farmer
93,16,man,man
93,16,horses,horses
93,17,man,man
93,17,man,man
93,19,man,man
93,19,man,man
93,21,man,man
93,21,mother,mother
93,21,baby,baby
93,21,father,father
93,21,husband,husband
93,21,man,man
93,22,preacher,preacher
93,23,man,man
93,25,husband,husband
93,25,pony,pony
93,26,Mother,mother
93,28,birds,birds
94,2,Lawyer,lawyer
94,3,lawyer,lawyer
94,6,lawyer,lawyer
94,11,Judge,judge
94,14,lawyer,lawyer
94,17,lawyer,lawyer
94,21,Judge,judge
94,21,man,man
94,24,woman,woman
94,25,Judge,judge
94,27,lawyer,lawyer
94,28,Judge,judge
94,35,Judge,judge
94,38,Judge,judge
94,39,lawyer,lawyer
94,44,lawyer,lawyer
94,45,Judge,judge
94,48,Lawyer,lawyer
94,50,Judge,judge
94,53,lawyer,lawyer
94,54,man,man
94,55,man,man
94,57,Judge,judge
94,60,lawyer,lawyer
94,62,man,man
94,64,lawyer,lawyer
94,69,wife,wife
94,75,Judge,judge
94,79,Judge,judge
94,82,lawyer,lawyer
94,84,Judge,judge
95,5,woman,woman
95,5,daughter,daughter
95,12,Doctor Bonfils,doctor bonfils
95,12,man,man
95,15,horses,horses
95,19,girl,girl
95,21,man,man
95,22,child,child
95,23,lady,lady
95,26,girl,girl
95,30,Mother,mother
95,30,daughter,daughter
95,34,bears,bears
95,35,man,man
95,35,mistress,mistress
96,1,man,man
96,5,man,man
96,11,man,man
96,11,maid,maid
96,11,mistress,mistress
96,12,man,man
96,18,woman,woman
96,19,man,man
96,19,children,children
96,22,children,children
96,23,policeman,policeman
96,27,women,women
96,27,men,men
96,30,Boys,boys
96,30,men,men
96,30,women,women
96,31,men,men
96,31,man,man
96,35,man,man
97,3,girl,girl
97,5,cat,cat
97,11,man,man
97,12,girl,girl
97,14,girl,girl
97,24,brother,brother
97,33,man,man
97,34,Mr Brantain,mr brantain
97,38,Mr Brantain,mr brantain
97,39,Mr Harvy,mr harvy
97,39,friend,friend
97,40,brother,brother
97,40,sister,sister
97,45,Miss Nathalie,miss nathalie
97,46,Miss Nathalie,miss nathalie
97,51,husband,husband
97,53,man,man
97,59,women,women
98,1,woman,woman
98,24,gentleman,gentleman
98,25,friend,friend
98,26,child,child
98,31,girl,girl
98,35,Mother,mother
98,42,woman,woman
98,50,Mother,mother
98,50,Robert,robert
98,53,man,man
98,55,woman,woman
98,55,wife,wife
98,56,man,man
98,57,man,man
98,62,mother,mother
98,62,friends,friends
98,69,Jane,ja
98,75,Jane,ja
98,78,Robert,robert
99,1,Mrs Mallard,mrs mallard
99,2,sister,sister
99,3,friend,friend
99,5,friend,friend
99,6,women,women
99,15,sparrows,sparrows
99,17,child,child
99,38,men,men
99,38,women,women
99,66,wife,wife
99,70,women,women
100,1,bear,bear
100,21,man,man
100,21,man,man
100,56,birds,birds
101,1,women,women
101,11,boy,boy
101,11,man,man
101,13,girl,girl
101,15,girl,girl
101,19,Daddie,daddie
101,22,girl,girl
101,25,girl,girl
101,25,Daddie,daddie
101,27,Daddie,daddie
101,28,man,man
101,29,Dad,dad
101,30,Daddie,daddie
101,33,Daddie,daddie
101,36,girl,girl
101,36,father,father
101,40,father,father
101,42,father,father
101,43,Dad,dad
101,45,Nell,nell
101,48,Nell,nell
101,48,Nell,nell
101,49,man,man
101,55,man,man
101,56,girl,girl
101,57,father,father
101,65,man,man
101,66,Daddie,daddie
101,68,father,father
101,69,girl,girl
101,69,man,man
101,71,Daddie,daddie
101,72,Daddie,daddie
101,73,Daddie,daddie
101,75,man,man
101,76,Daddie,daddie
101,77,Daddie,daddie
101,78,Daddie,daddie
101,81,Daddie,daddie
101,82,Daddie,daddie
101,83,Daddie,daddie
101,85,queen,queen
101,89,Daddie,daddie
101,99,girl,girl
101,106,woman,woman
102,1,men,men
102,1,fish,fish
102,5,man,man
102,9,man,man
102,12,man,man
102,15,bear,bear
102,16,man,man
102,17,bear,bear
102,21,man,man
102,24,bear,bear
102,29,bear,bear
102,33,man,man
102,36,bear,bear
102,37,man,man
102,38,bear,bear
102,39,men,men
102,41,man,man
102,42,bear,bear
102,43,man,man
102,44,bear,bear
102,45,man,man
102,47,bear,bear
102,47,man,man
102,48,bear,bear
102,51,man,man
102,55,man,man
102,58,man,man
102,62,man,man
102,64,men,men
102,67,men,men
102,72,bear,bear
102,75,man,man
103,1,man,man
103,4,man,man
103,6,rabbit,rabbit
103,7,man,man
103,8,man,man
103,8,rabbit,rabbit
103,10,man,man
103,17,man,man
103,21,man,man
103,26,man,man
103,27,man,man
103,31,man,man
103,32,man,man
103,36,man,man
103,36,men,men
103,36,fish,fish
103,37,man,man
103,39,man,man
103,40,man,man
103,41,man,man
103,45,man,man
103,50,man,man
103,52,man,man
103,61,crow,crow
103,65,man,man
103,71,man,man
103,73,frogs,frogs
103,75,man,man
103,77,man,man
103,84,man,man
103,97,man,man
103,102,man,man
104,3,man,man
104,3,dog,dog
104,5,dog,dog
104,6,man,man
104,6,dog,dog
104,7,man,man
104,8,dog,dog
104,9,man,man
104,11,man,man
104,12,dog,dog
104,12,master,master
104,13,man,man
104,13,snake,snake
104,16,snake,snake
104,24,man,man
104,24,snake,snake
104,30,man,man
104,31,man,man
104,31,man,man
104,32,men,men
104,32,snakes,snakes
104,34,man,man
104,34,snake,snake
104,34,friends,friends
104,34,man,man
104,35,snake,snake
104,35,snakes,snakes
104,37,snake,snake
104,39,snake,snake
104,39,man,man
104,45,man,man
104,47,man,man
104,51,snake,snake
104,52,man,man
104,55,snake,snake
104,56,man,man
104,57,dog,dog
104,58,snake,snake
104,59,man,man
104,59,dog,dog
104,59,Mr Snake,mr snake
104,59,girls,girls
104,60,snake,snake
104,61,dog,dog
105,13,men,men
105,14,men,men
105,18,men,men
105,26,officer,officer
105,42,men,men
105,72,men,men
105,78,Father,father
105,78,friend,friend
105,79,Father,father
105,84,man,man
105,88,men,men
105,92,soldier,soldier
105,99,man,man
105,99,friends,friends
105,101,man,man
105,101,officer,officer
105,103,man,man
105,106,man,man
105,106,man,man
105,114,officer,officer
105,117,man,man
105,125,man,man
106,37,lady,lady
106,42,girl,girl
106,44,wife,wife
106,46,wife,wife
106,85,wife,wife
106,85,children,children
107,1,child,child
107,2,sister,sister
107,2,child,child
107,5,children,children
107,7,children,children
107,7,children,children
107,7,children,children
107,7,playmates,playmates
107,7,children,children
107,7,men,men
107,12,friends,friends
107,13,sister,sister
107,13,child,child
107,14,brother,brother
107,16,child,child
107,17,child,child
107,21,sister,sister
107,22,brother,brother
107,24,child,child
107,24,sister,sister
107,27,child,child
107,28,baby,baby
107,28,brother,brother
107,28,child,child
107,29,child,child
107,30,brother,brother
107,32,child,child
107,32,sister,sister
107,35,man,man
107,35,servant,servant
107,35,mother,mother
107,36,son,son
107,39,brother,brother
107,40,mother,mother
107,41,mother,mother
107,41,children,children
107,42,mother,mother
107,42,sister,sister
107,42,brother,brother
107,45,man,man
107,46,brother,brother
107,47,daughter,daughter
107,48,man,man
107,48,child,child
107,48,daughter,daughter
107,48,baby,baby
107,48,bear,bear
107,50,child,child
107,50,man,man
107,51,children,children
107,54,child,child
107,55,Father,father
108,2,boys,boys
108,7,man,man
108,18,Mrs Fezziwig,mrs fezziwig
108,21,men,men
108,21,women,women
108,23,friend,friend
108,24,boy,boy
108,24,master,master
108,24,girl,girl
108,24,mistress,mistress
108,26,Sir Roger,sir roger
108,27,Mrs Fezziwig,mrs fezziwig
108,29,Mrs Fezziwig,mrs fezziwig
108,35,Mrs Fezziwig,mrs fezziwig
108,37,Mrs Fezziwig,mrs fezziwig
109,1,CHILD,child
109,1,friends,friends
109,1,ladies,ladies
109,1,child,child
109,5,horses,horses
109,8,horse,horse
109,10,horses,horses
109,12,child,child
109,14,child,child
109,15,friends,friends
109,15,Mr Ainsworth,mr ainsworth
109,19,child,child
109,19,friends,friends
109,19,friend,friend
110,19,master,master
110,71,man,man
110,72,man,man
110,74,man,man
110,77,Lord,lord
110,84,wife,wife
110,91,master,master
111,2,men,men
111,2,women,women
111,2,children,children
111,5,Jim Crows,jim crows
111,5,girls,girls
111,5,monkeys,monkeys
111,5,horses,horses
111,6,girls,girls
111,6,boys,boys
111,8,Prince,prince
111,8,girls,girls
111,12,girls,girls
111,14,woman,woman
111,16,boy,boy
111,24,girls,girls
111,31,children,children
111,55,mother,mother
111,56,girl,girl
112,2,women,women
112,9,men,men
112,9,man,man
112,10,man,man
112,22,hunter,hunter
112,22,dog,dog
112,25,woman,woman
112,32,boys,boys
112,34,girl,girl
112,34,sister,sister
113,10,woman,woman
113,10,child,child
113,10,judge,judge
113,10,father,father
113,13,birds,birds
113,14,hawk,hawk
113,14,mother,mother
113,27,children,children
113,30,horses,horses
113,35,men,men
113,35,women,women
113,42,judge,judge
113,43,women,women
113,43,man,man
113,44,nun,nun
114,1,woman,woman
114,16,Jack,jack
114,16,son,son
114,16,woman,woman
114,32,Father,father
114,38,boy,boy
114,40,boy,boy
114,58,boy,boy
115,1,children,children
115,3,man,man
115,4,nurse,nurse
115,4,father,father
115,6,Boys,boys
115,6,boys,boys
115,7,minister,minister
115,8,father,father
115,10,father,father
115,10,William Emerson,william emerson
115,10,minister,minister
115,12,mother,mother
115,12,William,william
115,13,preacher,preacher
115,14,mother,mother
115,18,horse,horse
115,19,lamb,lamb
115,20,William,william
115,22,children,children
115,22,wife,wife
115,23,children,children
115,24,Mrs Emerson,mrs emerson
115,24,husband,husband
115,24,boys,boys
115,26,Mr Emerson,mr emerson
115,27,friends,friends
115,27,boys,boys
115,28,children,children
115,28,man,man
115,28,Minister,minister
115,28,William,william
115,30,boys,boys
115,36,boys,boys
115,37,Miss Mary Emerson,miss mary emerson
115,38,boys,boys
115,40,boys,boys
115,40,heroes,heroes
115,46,mother,mother
115,47,mother,mother
115,48,children,children
115,49,mother,mother
115,50,boys,boys
115,50,Edward,edward
115,53,maid,maid
115,53,heroes,heroes
115,54,mother,mother
115,54,minister,minister
115,54,father,father
115,58,Louisa May Alcott,louisa may alcott
115,65,William Emerson,william emerson
115,65,Mrs,mrs
115,65,William,william
115,65,man,man
116,2,fairy,fairy
116,3,son,son
116,5,father,father
116,5,baby,baby
116,5,boy,boy
116,7,friends,friends
116,9,kitten,kitten
116,12,women,women
116,12,men,men
116,20,father,father
116,21,father,father
116,22,Mr Franklin,mr franklin
116,22,brother,brother
116,23,boy,boy
116,25,father,father
116,25,son,son
116,26,Mr Franklin,mr franklin
116,28,brother,brother
116,29,man,man
116,30,friends,friends
116,36,brother,brother
116,36,boy,boy
116,48,girl,girl
116,49,girl,girl
117,3,Jane Eyre,ja eyre
117,11,Miss Bront,miss bront
117,15,sister,sister
117,20,gentlemen,gentlemen
117,24,friend,friend
117,26,Mr Nicholls,mr nicholls
117,33,child,child
117,33,father,father
117,33,husband,husband
118,8,man,man
118,17,gentleman,gentleman
118,27,man,man
118,30,man,man
118,37,man,man
118,37,servant,servant
118,40,elephants,elephants
118,64,man,man
118,80,farmer,farmer
119,4,man,man
119,5,father,father
119,5,mother,mother
119,5,child,child
119,6,friends,friends
119,10,friends,friends
119,11,Kings College,kings college
119,15,captain,captain
119,23,father,father
119,29,man,man
119,30,men,men
119,36,men,men
119,40,boy,boy
119,40,soldier,soldier
119,46,man,man
119,49,wife,wife
119,50,man,man
119,57,soldier,soldier
120,1,merchant,merchant
120,1,Inamuraya Gensuke,inamuraya gensuke
120,2,daughter,daughter
120,2,O-Sono,o-sono
120,3,ladies,ladies
120,4,friend,friend
120,4,merchant,merchant
120,4,Nagaraya,nagaraya
120,5,child,child
120,5,boy,boy
120,6,O-Sono,o-sono
120,7,O-Sono,o-sono
120,7,son,son
120,9,mother,mother
120,13,mother,mother
120,13,husband,husband
120,13,woman,woman
120,13,O-Sono,o-sono
120,21,mother,mother
120,21,husband,husband
120,21,priest,priest
120,22,man,man
120,24,woman,woman
120,28,Rat,rat
120,29,O-Sono,o-sono
120,31,priest,priest
120,31,O-Sono,o-sono
120,34,priest,priest
120,40,priest,priest
120,47,woman,woman
120,53,priest,priest
120,57,O-Sono,o-sono
120,58,priest,priest
120,59,Rat,rat
121,2,man,man
121,13,man,man
121,13,boy,boy
121,18,woman,woman
121,18,woman,woman
121,22,woman,woman
121,23,man,man
121,24,boy,boy
121,25,mother,mother
121,28,woman,woman
121,30,woman,woman
121,31,man,man
121,35,woman,woman
121,36,mother,mother
121,37,girl,girl
121,38,girl,girl
121,40,girl,girl
121,40,O-Yuki,o-yuki
121,40,servant,servant
121,41,girl,girl
121,43,mother,mother
121,44,O-Yuki,o-yuki
121,45,mother,mother
121,46,O-Yuki,o-yuki
121,46,mother,mother
121,49,O-Yuki,o-yuki
121,50,mother,mother
121,50,wife,wife
121,50,son,son
121,51,O-Yuki,o-yuki
121,51,children,children
121,51,boys,boys
121,51,girls,girls
121,51,children,children
121,52,O-Yuki,o-yuki
121,53,O-Yuki,o-yuki
121,53,mother,mother
121,53,children,children
121,54,children,children
121,54,O-Yuki,o-yuki
121,56,O-Yuki,o-yuki
121,57,Woman,woman
121,60,Woman,woman
121,61,O-Yuki,o-yuki
121,64,children,children
122,1,man,man
122,1,Harry,harry
122,6,Harry,harry
122,6,woman,woman
122,6,Helen,helen
122,6,women,women
122,6,Harry,harry
122,6,Helen,helen
122,6,Harry,harry
122,7,Harry,harry
122,8,Masai Ngaje Ngai,masai ngaje ngai
122,9,Harry,harry
122,11,Helen,helen
122,11,Harry,harry
123,1,policeman,policeman
123,4,officer,officer
123,7,policeman,policeman
123,8,man,man
123,9,policeman,policeman
123,9,man,man
123,10,officer,officer
123,11,friend,friend
123,16,policeman,policeman
123,18,man,man
123,21,man,man
123,28,policeman,policeman
123,30,friend,friend
123,37,man,man
123,41,policeman,policeman
123,46,man,man
123,48,policeman,policeman
123,50,friend,friend
123,56,officer,officer
123,57,policeman,policeman
123,60,man,man
123,60,friend,friend
123,61,man,man
123,62,man,man
123,66,man,man
123,74,man,man
123,83,men,men
123,84,man,man
123,88,man,man
123,91,man,man
123,91,man,man
123,99,man,man
123,103,man,man
123,104,man,man
124,1,gentleman,gentleman
124,4,man,man
124,7,mother,mother
124,7,pigs,pigs
124,16,Policeman,policeman
124,19,policeman,policeman
124,20,boy,boy
124,24,Policeman,policeman
124,27,man,man
124,28,dog,dog
124,29,man,man
124,29,Thomas,thomas
124,29,cat,cat
124,32,man,man
124,34,man,man
124,35,man,man
124,40,George B Cortelyou,george b cortelyou
124,43,man,man
124,44,boys,boys
124,49,man,man
124,53,man,man
124,56,man,man
124,59,man,man
124,62,man,man
124,62,man,man
124,62,brother,brother
125,5,children,children
125,8,man,man
125,8,lady,lady
125,9,lady,lady
125,15,man,man
125,25,Jack,jack
125,28,man,man
125,36,Policeman,policeman
125,40,man,man
125,41,Policeman,policeman
125,43,man,man
125,44,Policeman,policeman
125,44,boy,boy
125,45,boy,boy
125,45,Johnny,johnny
125,46,sister,sister
125,46,Gladys,gladys
125,48,Gladys,gladys
125,48,girl,girl
125,50,Johnny,johnny
125,52,girl,girl
125,53,girl,girl
125,54,Gladys,gladys
125,55,girl,girl
125,56,Gladys,gladys
125,62,father,father
125,62,Gladys,gladys
125,62,Johnny,johnny
125,63,Gladys,gladys
125,69,Johnny,johnny
125,70,Johnny,johnny
125,70,teacher,teacher
126,1,snake,snake
126,1,man,man
126,8,boys,boys
126,11,lady,lady
126,17,widow,widow
126,18,lady,lady
126,20,Captain Kidd,captain kidd
126,21,Captain Kidd,captain kidd
126,32,ladies,ladies
126,34,father,father
126,37,snake,snake
127,1,lady,lady
127,4,man,man
127,5,boy,boy
127,6,lady,lady
127,10,boy,boy
127,11,man,man
127,12,man,man
127,13,boy,boy
127,13,lady,lady
127,19,man,man
127,20,boy,boy
127,21,lady,lady
127,23,lady,lady
127,24,Lady,lady
127,27,lady,lady
127,31,gentleman,gentleman
127,34,boy,boy
127,34,lady,lady
127,42,hunter,hunter
127,43,gentleman,gentleman
127,50,mother,mother
127,51,Miss Ashburton,miss ashburton
127,55,lady,lady
127,62,lady,lady
127,62,ghost,ghost
127,67,man,man
127,69,boy,boy
127,70,lady,lady
127,75,lady,lady
127,77,lady,lady
127,78,lady,lady
127,80,daughter,daughter
127,84,lady,lady
127,84,boy,boy
127,88,girl,girl
128,1,Mr Snooper,mr snooper
128,1,Gladys Vavasour-Smith,gladys vavasour-smith
128,3,Gladys,gladys
128,5,lawyer,lawyer
128,6,Gladys Vavasour-Smith,gladys vavasour-smith
128,6,daughter,daughter
128,8,man,man
128,9,Gladys,gladys
128,13,Gladys,gladys
128,13,woman,woman
128,13,man,man
128,16,Gladys,gladys
128,20,Gladys,gladys
128,23,man,man
128,25,Gladys Vavasour-Smith,gladys vavasour-smith
128,29,Tom Bean,tom bean
128,29,Gladys,gladys
128,32,man,man
128,32,Henry R Grasty,henry r grasty
128,33,Mr Grasty,mr grasty
128,40,Gladys Vavasour-Smith,gladys vavasour-smith
128,40,Henry R Grasty,henry r grasty
128,41,Mr Grasty,mr grasty
128,42,preacher,preacher
128,42,Mr Grasty,mr grasty
128,43,preacher,preacher
128,51,Henry R Grasty,henry r grasty
128,52,Mr Grasty,mr grasty
128,56,Gladys,gladys
128,56,Henry,henry
128,57,Tom,tom
128,58,Gladys,gladys
128,59,Henry R Grasty,henry r grasty
128,60,Mr Snooper,mr snooper
128,61,Mr Snooper,mr snooper
128,64,Gladys,gladys
128,67,Gladys,gladys
128,69,Gladys,gladys
128,70,Henry R Grasty,henry r grasty
128,70,Tom Bean,tom bean
128,71,Gladys,gladys
128,71,Henry,henry
129,2,woman,woman
129,3,men,men
129,5,woman,woman
129,9,Mr Easton,mr easton
129,10,friends,friends
129,11,man,man
129,12,Miss Fairchild,miss fairchild
129,19,man,man
129,25,girl,girl
129,28,Miss Fairchild,miss fairchild
129,30,girl,girl
129,33,heroes,heroes
129,37,man,man
129,39,Mr Easton,mr easton
129,41,girl,girl
129,44,girl,girl
129,48,father,father
129,52,Mr Marshal,mr marshal
129,52,man,man
129,60,friend,friend
129,61,Miss Fairchild,miss fairchild
129,67,men,men
129,76,officer,officer
130,1,Lord Oakhurst,lord oakhurst
130,2,man,man
130,3,wife,wife
130,3,king,king
130,5,Lord Oakhurst,lord oakhurst
130,5,wife,wife
130,5,girl,girl
130,9,cow,cow
130,11,man,man
130,13,Sir Everhard FitzArmond,sir everhard fitzarmond
130,14,Lady Oakhurst,lady oakhurst
130,15,Sir Everhard,sir everhard
130,18,Sir Everhard,sir everhard
130,18,Lord,lord
130,19,Lady Oakhurst,lady oakhurst
130,20,Sir Everhard,sir everhard
130,21,husband,husband
130,22,Lady Oakhurst,lady oakhurst
130,23,husband,husband
130,23,Lord,lord
130,25,Sir Everhard FitzArmond,sir everhard fitzarmond
130,26,Lord,lord
130,27,Sir Everhard,sir everhard
130,30,Sir Everhard FitzArmond,sir everhard fitzarmond
130,31,Lord Oakhurst,lord oakhurst
130,32,Sir Everllard,sir everllard
131,7,man,man
131,15,Judge,judge
131,15,Mrs Frank Leslie,mrs frank leslie
131,21,brother,brother
131,24,friend,friend
131,24,farmer,farmer
131,24,farmer,farmer
131,27,farmer,farmer
131,29,HUNTER,hunter
131,35,man,man
131,40,woman,woman
131,42,Mr Prospector,mr prospector
132,1,Mr PENNE,mr pen
132,2,Miss LORE,miss lore
132,5,Miss Lore,miss lore
132,12,Miss LORE Excuse,miss lore excuse
132,19,Miss LORE Excuse,miss lore excuse
132,24,Miss LORE,miss lore
132,31,girl,girl
132,32,nun,nun
132,34,nun,nun
132,40,Mr Penne,mr pen
132,46,Mr PENNE,mr pen
132,48,Mr Penne,mr pen
132,50,Mr PENNE,mr pen
132,54,Mr PENNE,mr pen
132,57,Miss Lore,miss lore
132,60,Miss Lore,miss lore
132,61,Mr PENNE,mr pen
132,61,Miss Lore,miss lore
132,71,man,man
132,73,Mr Penne,mr pen
132,80,Will,will
132,80,Miss Lore,miss lore
132,90,Mr PENNE,mr pen
132,100,birds,birds
132,100,cat,cat
132,102,Mr PENNE,mr pen
132,109,man,man
132,111,Miss Lore,miss lore
132,111,man,man
132,111,woman,woman
132,113,woman,woman
132,118,girl,girl
132,120,Miss Lore,miss lore
132,124,Miss Lore,miss lore
132,128,Miss Lore,miss lore
133,2,man,man
133,6,friend,friend
133,6,brother,brother
133,7,men,men
133,10,minister,minister
133,18,man,man
133,20,man,man
133,32,Captain Carruthers,captain carruthers
133,37,man,man
133,44,bird,bird
133,60,man,man
133,64,sister,sister
133,74,friend,friend
134,6,Corny Brannigan,corny brannigan
134,8,Corny,corny
134,10,Corny,corny
134,13,women,women
134,13,birds,birds
134,14,gentlemen,gentlemen
134,15,Corny,corny
134,18,Mr,mr
134,18,Corny Brannigan,corny brannigan
134,20,Corny,corny
134,22,Corny,corny
134,22,friend,friend
134,24,gentleman,gentleman
134,25,Corny Brannigan,corny brannigan
134,26,Corny,corny
134,30,Corny,corny
134,30,Bill,bill
134,30,horse,horse
134,31,Corny,corny
134,33,lady,lady
134,33,man,man
134,36,lady,lady
134,38,man,man
134,40,Corny,corny
134,47,Corny,corny
134,48,lady,lady
134,51,man,man
134,52,woman,woman
134,52,man,man
134,58,Corny,corny
134,59,Mr R Lionel Whyte-Melville Bloomsbury Square London,mr r lionel whyte-melville bloomsbury square london
134,60,King Edward Hotel,king edward hotel
134,61,Corny,corny
134,61,man,man
134,64,Mr,mr
134,64,Corny Brannigan,corny brannigan
134,65,Lord Chesterfield Wear,lord chesterfield wear
134,67,Corny,corny
134,67,lady,lady
134,69,wife,wife
134,72,Corny,corny
134,73,Corny,corny
134,76,lady,lady
134,77,Corny,corny
134,79,Corny,corny
134,79,man,man
134,80,man,man
134,80,lady,lady
134,86,Corny,corny
134,87,Corny,corny
134,87,man,man
134,89,Corny,corny
134,90,Corny,corny
134,90,friend,friend
134,91,man,man
134,92,friend,friend
134,92,Corny,corny
134,99,gentleman,gentleman
135,2,brother,brother
135,10,men,men
135,11,wolf,wolf
135,19,Men,men
135,19,men,men
135,29,men,men
135,30,Len,len
135,30,friend,friend
135,30,neighbor,neighbor
135,36,man,man
135,40,boy,boy
135,47,man,man
135,47,rat,rat
135,47,snake,snake
135,51,men,men
135,65,woman,woman
135,65,child,child
135,66,wife,wife
135,66,child,child
135,70,wife,wife
135,70,child,child
136,3,sister,sister
136,5,Diana,diana
136,7,lady,lady
136,13,Mrs Liberty,mrs liberty
136,15,Miss,miss
136,15,Diana,diana
136,25,Miss,miss
136,25,Diana,diana
136,26,Diana,diana
136,29,Miss,miss
136,29,Diana,diana
136,29,Mrs Liberty,mrs liberty
136,31,Miss,miss
136,31,Diana,diana
136,33,Diana,diana
136,40,merchant,merchant
136,45,Miss De St Montmorency,miss de st montmorency
136,49,Miss,miss
136,49,Diana,diana
136,50,cat,cat
136,50,horse,horse
136,51,girl,girl
136,52,Robert Emmet-Sangerbund Society,robert emmet-sangerbund society
136,54,Miss,miss
136,54,Diana,diana
136,61,Mother,mother
136,62,lady,lady
136,63,Mr St Gaudens,mr st gaudens
136,68,Mrs Liberty,mrs liberty
136,69,Miss,miss
136,69,Diana,diana
136,71,doctor,doctor
136,73,Diana,diana
137,1,king,king
137,1,Princess Ostla,princess ostla
137,1,princess,princess
137,4,king,king
137,4,Princess Ostla,princess ostla
137,5,princess,princess
137,5,king,king
137,6,princess,princess
137,7,king,king
137,7,student,student
137,7,horse,horse
137,7,Sir Knight,sir knight
137,8,king,king
137,10,king,king
137,12,Princess Ostla,princess ostla
137,13,horse,horse
137,14,princess,princess
137,15,princess,princess
137,16,king,king
137,17,lady,lady
137,19,princess,princess
137,20,horse,horse
137,20,king,king
137,21,Princess,princess
137,22,king,king
137,24,monkey,monkey
137,25,king,king
137,25,monkey,monkey
137,26,horse,horse
137,27,king,king
137,30,princess,princess
138,2,boy,boy
138,5,man,man
138,6,judge,judge
138,9,Frank Goodwin,frank goodwin
138,9,king,king
138,9,prince,prince
138,11,Frank Goodwin,frank goodwin
138,11,wife,wife
138,12,Frank,frank
138,13,lady,lady
138,13,queen,queen
138,14,wife,wife
138,15,Mrs Goodwin,mrs goodwin
138,25,men,men
138,26,woman,woman
138,29,men,men
138,31,wife,wife
138,31,Frank Goodwin,frank goodwin
138,39,master,master
138,40,Sir Francis Drake,sir francis drake
138,41,Sir John Morgan Lafitte,sir john morgan lafitte
138,43,man,man
138,45,Gentlemen,gentlemen
138,47,fairy,fairy
138,47,prince,prince
139,1,lady,lady
139,3,lady,lady
139,15,man,man
139,22,Mr Pitcher,mr pitcher
139,22,Mr Maxwell,mr maxwell
139,27,lady,lady
139,34,Men,men
139,35,boys,boys
139,42,lady,lady
139,43,Lady,lady
139,51,Miss Leslie,miss leslie
139,56,man,man
139,60,man,man
139,66,Miss Leslie,miss leslie
139,79,Miss Leslie,miss leslie
139,81,wife,wife
139,85,lady,lady
139,90,Miss Leslie,miss leslie
139,94,Miss Leslie,miss leslie
140,1,man,man
140,2,sparrows,sparrows
140,3,hero,hero
140,4,hero,hero
140,5,sparrows,sparrows
140,7,birds,birds
140,7,birds,birds
140,9,friends,friends
140,10,sparrow,sparrow
140,12,sparrows,sparrows
140,15,birds,birds
140,18,bird,bird
140,22,sparrow,sparrow
140,29,sparrows,sparrows
140,30,birds,birds
140,32,man,man
140,33,Mr McChesney,mr mcchesney
140,33,Mr Henry,mr henry
140,33,man,man
140,33,sparrows,sparrows
140,38,sparrows,sparrows
140,42,friend,friend
140,43,gentleman,gentleman
140,45,Birds,birds
140,46,man,man
140,48,man,man
140,49,birds,birds
140,51,sparrows,sparrows
140,53,friend,friend
140,60,birds,birds
140,63,sparrows,sparrows
140,65,friend,friend
140,66,sparrow,sparrow
140,71,sparrows,sparrows
140,74,friend,friend
141,5,dogs,dogs
141,7,lady,lady
141,8,maid,maid
141,11,Frank Goodwin,frank goodwin
141,11,Mr Goodwin Your,mr goodwin your
141,12,Mr Wahrfield,mr wahrfield
141,12,Miss Wahrfield,miss wahrfield
141,14,man,man
141,20,man,man
141,22,man,man
141,28,woman,woman
141,31,man,man
141,35,man,man
141,40,man,man
141,40,woman,woman
141,41,man,man
142,1,Miss Martha Meacham,miss martha meacham
142,2,Miss Martha,miss martha
142,5,man,man
142,13,Miss Martha,miss martha
142,16,Miss Martha,miss martha
142,21,lady,lady
142,27,Miss Martha,miss martha
142,35,Miss Martha,miss martha
142,38,judge,judge
142,40,Miss Martha,miss martha
142,49,Miss Martha,miss martha
142,53,Miss Martha,miss martha
142,55,Miss Martha,miss martha
142,57,Miss Martha,miss martha
142,59,Miss Martha,miss martha
142,71,Miss Martha,miss martha
142,75,Miss Martha,miss martha
142,76,men,men
142,77,man,man
142,77,man,man
142,80,Miss Martha,miss martha
142,81,Miss Martha,miss martha
142,85,man,man
142,90,cat,cat
142,91,Miss Martha,miss martha
142,92,man,man
142,107,Miss Martha,miss martha
143,1,Morrison,morrison
143,9,Morrison,morrison
143,11,Morrison,morrison
143,11,Morrison,morrison
143,14,Morrison,morrison
143,16,Morrison,morrison
143,22,Morrison,morrison
143,29,crows,crows
143,30,wife,wife
143,30,Widow,widow
143,30,deer,deer
143,43,Morrison,morrison
143,47,Morrison,morrison
143,54,Morrison,morrison
143,62,Morrison,morrison
143,65,friend,friend
143,66,deer,deer
143,71,Morrison,morrison
143,72,friend,friend
143,87,Morrison,morrison
143,89,friend,friend
143,91,women,women
143,92,deer,deer
143,93,Morrison,morrison
143,98,Morrison,morrison
143,106,Morrison,morrison
143,112,Morrison,morrison
143,118,Morrison,morrison
143,123,Morrison,morrison
143,128,Morrison,morrison
143,132,Dr Le Martin,dr le martin
143,132,Father,father
143,132,priest,priest
143,132,servant,servant
143,137,Morrison,morrison
143,142,Morrison,morrison
144,15,men,men
144,28,Joseph Smith,joseph smith
144,35,Joseph Smith,joseph smith
144,35,brother,brother
144,40,women,women
144,40,ladies,ladies
144,44,ladies,ladies
144,44,women,women
145,2,women,women
145,2,children,children
145,2,men,men
145,4,girl,girl
145,8,girl,girl
145,9,Woman,woman
145,14,boys,boys
145,18,man,man
145,18,man,man
145,20,girl,girl
145,22,boys,boys
145,22,women,women
145,25,girl,girl
145,27,boys,boys
146,5,pony,pony
146,14,cock,cock
146,15,doctor,doctor
146,15,giant,giant
146,22,John Slover,john slover
146,23,boy,boy
146,26,horse,horse
146,29,friends,friends
146,30,James Girty,james girty
146,33,bear,bear
146,41,horses,horses
146,43,horse,horse
146,44,horse,horse
146,48,man,man
146,48,man,man
146,49,men,men
146,49,man,man
147,1,king,king
147,1,king,king
147,2,friends,friends
147,7,king,king
147,7,prince,prince
147,9,king,king
147,11,mother,mother
147,12,friend,friend
147,17,men,men
147,17,women,women
147,17,children,children
147,17,friends,friends
147,21,children,children
147,24,hunter,hunter
147,31,king,king
148,1,Simon Girty,simon girty
148,2,men,men
148,8,men,men
148,8,men,men
148,8,children,children
148,9,friends,friends
148,10,men,men
148,11,man,man
148,12,man,man
148,15,Simon Girty,simon girty
148,16,George,george
148,16,James,james
148,17,George,george
148,17,James,james
148,17,Simon,simon
148,18,George,george
148,18,James,james
148,18,women,women
148,18,Simon,simon
148,21,men,men
148,24,man,man
148,25,king,king
148,25,officer,officer
148,27,man,man
148,28,dog,dog
148,28,Simon Girty,simon girty
148,35,man,man
148,38,Simon Girty,simon girty
149,5,Mrs Luella Bates Washington Jones,mrs luella bates washington jones
149,7,Mrs Jones,mrs jones
149,7,woman,woman
149,8,boy,boy
149,13,boy,boy
149,14,woman,woman
149,14,boy,boy
149,15,woman,woman
149,15,mother,mother
149,15,friend,friend
149,15,brother,brother
149,15,son,son
149,16,kid,kid
149,16,kid,kid
149,17,Mrs Jones,mrs jones
149,17,woman,woman
149,19,Mrs Luella Bates Washington Jones,mrs luella bates washington jones
149,21,Mrs Jones,mrs jones
149,21,boy,boy
149,25,boy,boy
149,27,boy,boy
149,27,Mrs Luella Bates Washington Jones,mrs luella bates washington jones
149,27,woman,woman
149,30,King Jr,king jr
149,41,woman,woman
149,41,boy,boy
149,48,ladies,ladies
149,48,boy,boy
149,49,Mrs Luella Bates Washington Jones,mrs luella bates washington jones
150,7,man,man
150,8,Prince Lieutenant-General,prince lieutenant-general
150,8,king,king
150,13,men,men
150,15,lord,lord
150,20,giants,giants
150,20,men,men
150,25,man,man
150,25,men,men
150,30,men,men
150,31,soldier,soldier
150,32,lord,lord
150,34,men,men
150,36,man,man
150,37,lord,lord
150,42,king,king
150,44,king,king
150,50,lord,lord
150,52,king,king
150,64,men,men
150,70,horse,horse
150,72,horse,horse
150,77,lord,lord
150,80,priest,priest
150,86,priest,priest
150,93,priest,priest
150,99,men,men
150,112,king,king
150,124,women,women
150,126,children,children
150,129,horse,horse
151,1,Baby,baby
151,1,Daddy,daddy
151,5,man,man
151,14,BABY,baby
151,19,goat,goat
151,19,Queen,queen
151,19,Mama,mama
151,19,King,king
151,19,Papa,papa
151,20,brother,brother
151,28,DADDY,daddy
151,28,man,man
151,28,DADDY,daddy
151,30,John Henry,john henry
151,31,BABY,baby
151,35,BABY,baby
151,40,men,men
151,41,DADDY,daddy
151,42,BABY,baby
151,44,man,man
151,51,DADDY,daddy
151,51,man,man
151,52,king,king
151,55,DADDY,daddy
151,58,Miss Bush,miss bush
151,58,Mother,mother
151,66,man,man
151,67,BABY,baby
151,70,man,man
151,72,man,man
151,78,men,men
152,4,Mary,mary
152,12,men,men
152,14,bear,bear
152,17,friend,friend
152,33,heroes,heroes
153,11,man,man
153,25,hero,hero
153,27,Mr Editor,mr editor
154,14,witch,witch
154,14,daughter,daughter
154,26,merchant,merchant
155,3,captain,captain
155,3,boy,boy
155,3,Witch,witch
155,13,boy,boy
155,15,boy,boy
155,16,man,man
155,25,boy,boy
155,28,boy,boy
155,37,man,man
155,41,boy,boy
155,59,captain,captain
155,65,captain,captain
155,69,boy,boy
155,70,boy,boy
155,70,captain,captain
155,72,master,master
155,75,captain,captain
155,75,man,man
155,92,brother,brother
155,111,man,man
155,112,father,father
156,2,men,men
156,3,soldier,soldier
156,13,man,man
156,19,boy,boy
156,28,men,men
156,51,Maid,maid
156,73,men,men
156,81,friends,friends
156,87,son,son
156,88,father,father
156,88,child,child
156,94,men,men
156,106,rat,rat
156,116,soldier,soldier
156,140,men,men
157,1,son,son
157,1,daughter,daughter
157,11,Queen,queen
157,17,Elves,elves
157,17,Queen,queen
157,21,fairy,fairy
157,24,Elves,elves
157,26,Queen,queen
157,33,man,man
157,37,Queen,queen
157,42,snake,snake
157,44,man,man
157,46,Queen,queen
157,47,lady,lady
158,1,officer,officer
158,3,soldier,soldier
158,8,neighbour,neighbour
158,8,frogs,frogs
158,11,friend,friend
158,11,officer,officer
158,12,man,man
158,16,True Born,true born
158,16,officer,officer
158,16,men,men
158,17,officer,officer
158,21,men,men
158,24,officer,officer
158,28,True Born,true born
158,32,True Born,true born
158,36,True Born,true born
158,36,horses,horses
158,45,True Born,true born
158,46,Rose,rose
158,54,Captain Geranium,captain geranium
158,58,True Born,true born
158,59,man,man
158,66,doctor,doctor
158,71,True Born,true born
158,72,True Born,true born
158,78,True Born,true born
158,78,horse,horse
158,79,Horse,horse
158,83,True Born,true born
158,86,True Born,true born
158,91,True Born,true born
159,2,man,man
159,4,man,man
159,6,man,man
159,13,man,man
159,17,men,men
159,18,man,man
159,20,man,man
159,29,man,man
159,33,man,man
159,34,man,man
160,1,ladies,ladies
160,6,boy,boy
160,7,Lord,lord
160,9,gentlemen,gentlemen
160,14,boys,boys
160,21,boys,boys
160,23,Mrs Knoph,mrs knoph
160,24,boys,boys
160,25,girl,girl
160,27,Mrs Knoph,mrs knoph
160,30,ladies,ladies
160,30,gentlemen,gentlemen
160,31,lady,lady
160,33,Mrs Knoph,mrs knoph
160,38,boys,boys
160,41,Mrs Knoph,mrs knoph
160,43,Mrs Knoph,mrs knoph
160,47,Mrs Knoph,mrs knoph
161,2,priest,priest
161,3,priest,priest
161,6,priest,priest
161,6,wolf,wolf
161,7,man,man
161,8,prince,prince
161,10,pig,pig
161,13,pig,pig
161,14,Mr Wardle,mr wardle
161,16,Mr Wardle,mr wardle
161,23,Mr Wardle,mr wardle
161,23,dog,dog
161,27,Mr Wardle,mr wardle
161,28,man,man
161,32,Mr Wardle,mr wardle
161,44,Mr Wardle,mr wardle
161,48,priest,priest
161,48,Mr Wardle,mr wardle
161,50,priest,priest
161,51,Mr Wardle,mr wardle
161,51,priest,priest
161,51,Mr Wardle,mr wardle
161,55,priest,priest
161,57,ghosts,ghosts
161,57,priest,priest
161,57,men,men
161,57,women,women
161,57,children,children
161,58,priest,priest
161,59,pig,pig
162,1,Camel,camel
162,2,Man,man
162,2,Camel,camel
162,6,Horse,horse
162,6,Camel,camel
162,6,Camel,camel
162,8,Camel,camel
162,8,Horse,horse
162,8,Man,man
162,9,Dog,dog
162,9,Camel,camel
162,9,Camel,camel
162,11,Camel,camel
162,11,Dog,dog
162,11,Man,man
162,12,Ox,ox
162,12,Camel,camel
162,12,Camel,camel
162,14,Camel,camel
162,14,Ox,ox
162,14,Man,man
162,15,Man,man
162,15,Horse,horse
162,15,Dog,dog
162,15,Ox,ox
162,16,Camel,camel
162,20,Horse,horse
162,22,Horse,horse
162,25,Camel,camel
162,28,Dog,dog
162,31,Ox,ox
162,34,Camel,camel
162,35,friend,friend
162,37,Camel,camel
162,38,Camel,camel
162,41,Camel,camel
162,44,Camel,camel
162,51,Camel,camel
162,56,Camel,camel
162,57,Camel,camel
164,1,Whale,whale
164,1,fishes,fishes
164,3,fishes,fishes
164,4,fish,fish
164,4,Fish,fish
164,5,Whale,whale
164,6,Fish,fish
164,6,Man,man
164,7,Whale,whale
164,9,Fish,fish
164,11,Whale,whale
164,12,Fish,fish
164,13,man,man
164,14,Whale,whale
164,15,man,man
164,16,Whale,whale
164,17,man,man
164,17,Whale,whale
164,19,Fish,fish
164,19,man,man
164,21,Fish,fish
164,22,Whale,whale
164,29,Fish,fish
164,29,Whale,whale
164,30,man,man
164,31,Whale,whale
164,32,Whale,whale
164,36,mother,mother
164,37,Whale,whale
164,38,fish,fish
164,38,whales,whales
164,38,men,men
164,38,boys,boys
164,38,girls,girls
164,39,Fish,fish
164,40,Whale,whale
165,4,Judge,judge
165,5,sister,sister
165,5,child,child
165,9,horse,horse
165,10,Thief,thief
165,16,pig,pig
165,22,Lord,lord
165,29,camel,camel
165,31,father,father
165,31,mother,mother
165,31,brother,brother
165,31,sister,sister
165,36,sister,sister
165,37,father,father
165,37,mother,mother
165,37,brother,brother
165,37,sister,sister
165,40,man,man
165,41,child,child
165,43,men,men
165,43,brother,brother
165,44,wife,wife
165,46,maid,maid
165,46,woman,woman
165,47,boy,boy
165,50,brother,brother
165,50,sister,sister
165,54,brother,brother
165,56,father,father
165,57,sister,sister
165,58,men,men
165,60,sister,sister
165,68,child,child
165,69,child,child
165,69,wife,wife
165,73,wife,wife
166,11,father,father
166,11,mother,mother
166,28,boy,boy
166,31,boy,boy
166,35,boy,boy
166,38,dogs,dogs
166,38,baby,baby
166,39,wife,wife
166,45,Lord Paramount,lord paramount
166,47,wife,wife
166,49,baby,baby
166,50,goats,goats
166,54,ladies,ladies
166,55,man,man
166,56,man,man
166,58,horses,horses
167,8,man,man
167,9,officer,officer
167,10,gentleman,gentleman
167,11,man,man
167,15,man,man
167,16,man,man
167,18,man,man
167,20,officer,officer
167,23,man,man
167,29,man,man
167,31,boy,boy
167,33,boy,boy
167,34,men,men
167,37,boy,boy
167,38,boy,boy
167,43,boy,boy
167,44,captain,captain
167,46,men,men
167,49,friend,friend
167,63,men,men
167,64,man,man
167,65,rats,rats
167,67,boy,boy
167,70,man,man
168,2,Scairt,scairt
168,6,Boy,boy
168,7,man,man
168,18,man,man
168,19,girl,girl
168,20,snake,snake
168,21,man,man
168,22,snake,snake
168,24,woman,woman
168,27,friend,friend
168,27,man,man
168,27,woman,woman
168,29,man,man
168,57,man,man
169,1,Queen,queen
169,1,gentleman,gentleman
169,4,thief,thief
169,7,wolf,wolf
169,8,men,men
169,9,king,king
169,9,men,men
169,13,man,man
169,13,woman,woman
169,13,king,king
169,16,king,king
169,20,men,men
169,24,woman,woman
169,24,husband,husband
169,25,woman,woman
169,25,king,king
169,26,king,king
169,28,king,king
169,34,man,man
169,37,man,man
169,39,man,man
169,41,Son,son
169,45,dog,dog
169,48,King,king
169,48,thief,thief
169,50,thief,thief
169,50,prince,prince
169,51,Prince,prince
169,54,man,man
169,57,son,son
169,58,friend,friend
169,61,thief,thief
169,61,man,man
170,3,Men,men
170,4,Man,man
170,4,giant,giant
170,5,Man,man
170,7,Man,man
170,9,Men,men
170,14,Man,man
170,17,Man,man
170,20,man,man
170,23,Man,man
170,26,men,men
170,28,giant,giant
170,28,man,man
170,30,man,man
170,36,man,man
170,36,Jock Coan,jock coan
170,36,Fir Cone,fir co
170,37,child,child
170,39,giant,giant
170,39,Men,men
170,40,men,men
170,45,man,man
170,46,Men,men
170,49,men,men
170,51,man,man
170,52,man,man
170,53,Jock Coan,jock coan
170,55,Jock,jock
170,56,man,man
170,58,Jock,jock
170,59,man,man
170,62,Jock,jock
170,63,man,man
170,66,man,man
170,68,Boys,boys
170,68,giants,giants
170,68,giants,giants
170,69,man,man
170,71,giants,giants
171,1,Man,man
171,3,Miss Gaurey,miss gaurey
171,8,husband,husband
171,10,wife,wife
171,11,Mrs Schreiderling,mrs schreiderling
171,12,man,man
171,13,Man,man
171,16,Mrs Gaurey,mrs gaurey
171,16,daughter,daughter
171,17,lady,lady
171,18,daughter,daughter
171,18,mother,mother
171,21,Man,man
171,28,Mrs Schreiderling,mrs schreiderling
171,35,horse,horse
171,36,woman,woman
171,36,Mrs Schreiderling,mrs schreiderling
171,42,Man,man
171,49,Mrs Schreidlerling,mrs schreidlerling
171,50,pony,pony
171,51,Mrs Schreiderling,mrs schreiderling
171,53,Mrs Schreiderling,mrs schreiderling
171,55,Man,man
171,60,Man,man
171,61,Man,man
171,61,Mrs Schreiderling,mrs schreiderling
171,63,Mrs Schreiderling,mrs schreiderling
171,64,Mrs Schreiderling,mrs schreiderling
171,65,Man,man
171,66,Mrs Schreiderling,mrs schreiderling
171,67,Man,man
171,68,Mrs Schreiderling,mrs schreiderling
171,75,doctor,doctor
171,75,horse,horse
171,76,men,men
171,76,women,women
171,78,Man,man
171,82,wife,wife
172,1,Mr Hawkins,mr hawkins
172,1,Mumrath,mumrath
172,1,man,man
172,1,friends,friends
172,2,Mr,mr
172,2,Mumrath,mumrath
172,3,man,man
172,5,Mr,mr
172,5,Mumrath,mumrath
172,7,doctor,doctor
172,7,Mumrath,mumrath
172,9,officer,officer
172,10,Mr,mr
172,10,Mumrath,mumrath
172,11,merchant,merchant
172,11,doctor,doctor
172,14,servant,servant
172,17,Mr Hawkins,mr hawkins
172,17,Mumrath,mumrath
172,25,Mr,mr
172,25,Mumrath,mumrath
172,28,Mumrath,mumrath
172,34,Mr,mr
172,34,Mumrath,mumrath
172,35,Mumrath,mumrath
172,36,Mumrath,mumrath
172,41,Mumrath,mumrath
172,42,Mr Hawkins,mr hawkins
172,42,Mumrath,mumrath
172,44,Mr Hawkins,mr hawkins
172,44,Mumrath,mumrath
172,47,Mumrath,mumrath
172,49,Mumrath,mumrath
172,51,Mumrath,mumrath
172,54,Mumrath,mumrath
172,57,Mumrath,mumrath
172,65,Mr Hawkins,mr hawkins
172,65,Mumrath,mumrath
172,67,Mumrath,mumrath
172,68,Mumrath,mumrath
173,11,Dingo Yellow-Dog,dingo yellow-dog
173,11,Dingo,dingo
173,12,Dingo,dingo
173,13,Dingo,dingo
173,14,gentleman,gentleman
173,16,Dingo,dingo
173,17,Dingo Yellow-Dog,dingo yellow-dog
173,17,Dingo,dingo
173,18,Dingo Yellow-Dog,dingo yellow-dog
173,18,Dingo,dingo
173,23,Dingo Yellow-Dog,dingo yellow-dog
173,23,Dingo,dingo
173,25,Man,man
173,28,Dingo Yellow-Dog,dingo yellow-dog
173,28,Dingo,dingo
173,35,Dingo Yellow-Dog,dingo yellow-dog
173,35,Dingo,dingo
173,35,Man,man
173,40,Dingo,dingo
173,40,Dingo,dingo
173,40,Man,man
173,42,Dingo,dingo
173,42,Dog,dog
173,42,Dingo,dingo
173,43,Man,man
173,44,gentleman,gentleman
173,44,Dingo,dingo
173,54,Dingo,dingo
173,59,Dingo Yellow-Dog,dingo yellow-dog
173,59,Dingo,dingo
173,62,Man,man
173,62,Dingo,dingo
173,63,son,son
173,63,Man,man
173,63,Dingo,dingo
174,1,man,man
174,2,children,children
174,3,Professor Peterson,professor peterson
174,9,son,son
174,14,son,son
174,18,son,son
174,26,boy,boy
174,29,baby,baby
174,34,MAN,man
174,37,horse,horse
174,43,baby,baby
174,49,child,child
174,59,child,child
174,60,Doctor,doctor
174,61,Doctor,doctor
174,62,friend,friend
175,8,tiger,tiger
175,8,tiger,tiger
175,17,tiger,tiger
175,22,tiger,tiger
175,24,tiger,tiger
175,28,tiger,tiger
175,31,men,men
175,31,tiger,tiger
175,32,Miss Blandyre,miss blandyre
175,34,Miss,miss
175,39,men,men
175,40,tiger,tiger
175,46,tiger,tiger
175,47,Miss Blandyre,miss blandyre
175,52,tiger,tiger
175,54,son,son
175,58,tiger,tiger
175,61,mother,mother
175,61,child,child
176,1,men,men
176,1,John Hay,john hay
176,2,John Hay,john hay
176,2,men,men
176,4,John Hay,john hay
176,6,ghost,ghost
176,7,ghost,ghost
176,8,John Hay,john hay
176,9,king,king
176,10,John Hay,john hay
176,10,ghost,ghost
176,11,John Hay,john hay
176,11,friends,friends
176,13,John Hay,john hay
176,16,John Hay,john hay
176,16,friends,friends
176,21,John Hay,john hay
176,24,John Hay,john hay
176,26,man,man
176,28,John Hay,john hay
176,29,man,man
176,31,John Hay,john hay
176,34,John Hay,john hay
176,34,friend,friend
176,35,woman,woman
176,35,John Hay,john hay
176,37,man,man
176,38,Doctor,doctor
176,40,Doctor,doctor
176,40,John Hay,john hay
176,44,men,men
176,44,man,man
176,45,John Hay,john hay
176,46,doctor,doctor
176,48,John Hay,john hay
177,1,Father,father
177,2,lady,lady
177,3,Captain,captain
177,10,Captain,captain
177,15,officer,officer
177,15,wife,wife
177,15,woman,woman
177,16,man,man
177,20,Captain,captain
177,29,ladies,ladies
177,30,wife,wife
177,32,women,women
177,33,woman,woman
177,33,wife,wife
177,33,officer,officer
177,33,husband,husband
177,34,Captain,captain
177,35,Captain,captain
177,39,officer,officer
177,49,Captain,captain
177,52,wife,wife
177,53,men,men
177,57,woman,woman
177,58,woman,woman
177,59,man,man
177,61,woman,woman
177,62,wife,wife
177,62,widow,widow
177,65,husband,husband
177,65,woman,woman
177,66,wife,wife
177,66,man,man
177,77,Captain,captain
178,5,Bremmil,bremmil
178,5,husband,husband
178,5,baby,baby
178,5,Mrs,mrs
178,5,Bremmil,bremmil
178,6,Bremmil,bremmil
178,7,Mrs,mrs
178,7,Bremmil,bremmil
178,7,Bremmil,bremmil
178,10,Mrs,mrs
178,10,Bremmil,bremmil
178,11,Mrs Hauksbee,mrs hauksbee
178,14,woman,woman
178,15,woman,woman
178,19,Bremmil,bremmil
178,19,Mrs Hauksbee,mrs hauksbee
178,23,Mrs,mrs
178,23,Bremmil,bremmil
178,25,lady,lady
178,25,friends,friends
178,26,Mrs,mrs
178,26,Bremmil,bremmil
178,27,Mrs Hauksbee,mrs hauksbee
178,28,Bremmil,bremmil
178,30,husband,husband
178,31,Bremmil,bremmil
178,32,Mrs,mrs
178,32,Bremmil,bremmil
178,34,Lord,lord
178,34,Lady Lytton,lady lytton
178,34,Mr,mr
178,34,Mrs Cusack-Bremmil,mrs cusack-bremmil
178,35,Mrs,mrs
178,35,Bremmil,bremmil
178,36,Tom,tom
178,37,Bremmil,bremmil
178,38,Mrs,mrs
178,38,Bremmil,bremmil
178,39,Mrs Hauksbee,mrs hauksbee
178,40,child,child
178,40,husband,husband
178,42,Tom,tom
178,42,Bremmil,bremmil
178,43,Tom,tom
178,45,Bremmil,bremmil
178,45,Mrs Hauksbee,mrs hauksbee
178,46,Bremmil,bremmil
178,47,Mrs,mrs
178,47,Bremmil,bremmil
178,48,woman,woman
178,50,Queen,queen
178,53,Bremmil,bremmil
178,53,Mrs Hauksbee,mrs hauksbee
178,54,men,men
178,56,Mrs Hauksbee,mrs hauksbee
178,57,Bremmil,bremmil
178,58,wife,wife
178,60,woman,woman
178,61,Mrs Hauksbee,mrs hauksbee
178,61,wife,wife
178,62,Bremmil,bremmil
178,66,Bremmil,bremmil
178,66,wife,wife
178,67,Mrs,mrs
178,67,Bremmil,bremmil
178,68,master,master
178,70,Mrs,mrs
178,70,Bremmil,bremmil
178,70,husband,husband
178,71,boy,boy
178,72,Mrs Hauksbee,mrs hauksbee
178,73,Bremmil,bremmil
178,75,Bremmil,bremmil
178,75,Mrs,mrs
178,75,Bremmil,bremmil
178,76,Bremmil,bremmil
178,77,Mrs Hauksbee,mrs hauksbee
178,77,Mr,mr
178,77,Bremmil,bremmil
178,78,Bremmil,bremmil
178,80,wife,wife
178,80,Mrs Hauksbee,mrs hauksbee
178,82,man,man
178,82,Mrs Hauksbee,mrs hauksbee
178,83,Mrs,mrs
178,83,Bremmil,bremmil
178,85,Bremmil,bremmil
178,86,Mrs Hauksbee,mrs hauksbee
178,86,woman,woman
178,86,man,man
178,86,woman,woman
179,1,Policeman,policeman
179,2,Policeman,policeman
179,5,Policeman,policeman
179,8,Men,men
179,9,woman,woman
179,10,bear,bear
179,11,wife,wife
179,15,wife,wife
179,26,wife,wife
179,27,wife,wife
179,27,mother,mother
179,27,children,children
179,31,wife,wife
179,33,wife,wife
179,36,brother,brother
179,38,brother,brother
179,43,brother,brother
179,50,brother,brother
179,56,brother,brother
179,79,Policeman,policeman
179,81,wife,wife
179,83,brother,brother
179,83,men,men
179,85,Policeman,policeman
179,87,Policeman,policeman
179,89,Policeman,policeman
180,25,men,men
180,25,rats,rats
180,29,cat,cat
180,31,men,men
180,31,women,women
180,31,children,children
180,38,pigs,pigs
180,40,Pigs,pigs
180,48,pigs,pigs
180,51,bulls,bulls
180,51,pigs,pigs
180,52,donkey,donkey
180,52,sheep,sheep
180,52,goat,goat
180,59,Ladies,ladies
180,61,Men,men
180,61,Women,women
180,71,man,man
181,1,men,men
181,2,gentleman,gentleman
181,8,men,men
181,9,men,men
181,9,horses,horses
181,12,horses,horses
182,1,men,men
182,2,gentleman,gentleman
182,8,men,men
182,9,men,men
182,9,horses,horses
182,12,horses,horses
183,2,master,master
183,2,father,father
183,2,brother,brother
183,2,Joe,joe
183,3,father,father
183,5,Bill,bill
183,5,Joe,joe
183,6,father,father
183,7,Joe,joe
183,10,Bill,bill
183,11,father,father
183,13,Will,will
183,14,master,master
183,19,Joe,joe
183,20,Bill,bill
183,24,Bill,bill
183,24,Joe,joe
183,25,Bill,bill
183,25,Joe,joe
183,26,master,master
183,26,Will,will
183,27,Joe,joe
183,27,Bill,bill
183,28,Joe,joe
183,29,Joe,joe
183,30,Joe,joe
183,30,Bill,bill
183,31,Joe,joe
183,32,Joe,joe
183,34,Joe,joe
183,35,Joe,joe
183,38,Joe,joe
183,40,Bill,bill
183,40,father,father
183,41,Joe,joe
183,42,Bill,bill
183,43,Bill,bill
183,44,Joe,joe
183,45,Bill,bill
183,45,Joe,joe
183,46,Joe,joe
183,47,Joe,joe
183,49,master,master
183,49,Will,will
183,50,Joe,joe
183,53,Will,will
183,55,Will,will
183,56,mother,mother
183,56,father,father
183,57,master,master
183,57,mother,mother
183,57,father,father
183,58,Bill,bill
183,58,dog,dog
183,59,Bill,bill
183,59,dog,dog
183,64,dog,dog
183,66,father,father
183,66,doctor,doctor
183,67,Bill,bill
183,67,Mother,mother
183,68,mother,mother
183,68,father,father
183,69,Joe,joe
183,70,Joe,joe
183,71,mother,mother
183,71,Joe,joe
183,72,Bill,bill
183,72,Joe,joe
183,73,master,master
183,75,Joe,joe
183,79,master,master
183,79,master,master
183,79,girls,girls
183,80,Mother,mother
184,1,Bill Anderson,bill anderson
184,2,Bill,bill
184,4,boy,boy
184,12,boy,boy
184,15,Bill,bill
184,22,Bill,bill
184,23,Bill,bill
184,24,Bill,bill
184,25,Bill,bill
184,32,Bill,bill
184,35,Bill,bill
184,35,men,men
184,39,father,father
184,43,Bill,bill
184,47,Bill,bill
184,57,Mother,mother
184,58,Bill,bill
184,59,father,father
184,62,Bill,bill
184,66,mother,mother
184,72,brother,brother
184,72,sister,sister
184,73,Bill,bill
184,82,Bill,bill
184,87,Bill,bill
184,95,boys,boys
184,96,boys,boys
184,97,Collins,collins
184,97,boys,boys
184,97,Collins Babies,collins babies
184,99,boys,boys
184,102,Collins,collins
184,104,Bill,bill
184,107,child,child
184,110,child,child
184,111,Collins,collins
184,111,baby,baby
185,2,man,man
185,4,man,man
185,16,men,men
186,1,Lords,lords
186,1,Lords,lords
186,2,Bill,bill
186,4,Bill,bill
186,6,Bill,bill
186,7,Bill,bill
186,17,Lord Halifax,lord halifax
186,21,Lord Rosebery,lord rosebery
186,24,Lord,lord
187,8,ladies,ladies
187,17,man,man
187,18,man,man
187,26,ladies,ladies
187,35,man,man
187,36,man,man
188,1,men,men
188,2,girls,girls
188,6,man,man
188,7,man,man
188,8,Mr Leacock,mr leacock
188,8,lady,lady
188,10,father,father
188,10,father,father
188,13,father,father
188,15,father,father
188,16,father,father
188,19,Miss Laura Jean Libby,miss laura jean libby
188,19,Miss Beatrix Fairfax,miss beatrix fairfax
188,19,friend,friend
188,22,Boy,boy
188,25,boy,boy
188,36,men,men
188,37,father,father
188,38,father,father
188,40,boy,boy
188,41,father,father
188,43,girl,girl
188,44,girl,girl
188,47,girl,girl
188,49,men,men
188,49,girls,girls
188,50,man,man
188,50,wife,wife
188,50,woman,woman
188,52,girl,girl
188,55,boy,boy
189,6,men,men
189,30,man,man
189,32,doctor,doctor
189,33,men,men
189,34,man,man
189,35,man,man
189,40,Doctor,doctor
189,43,doctor,doctor
189,44,doctor,doctor
189,47,doctor,doctor
189,49,doctor,doctor
189,51,doctor,doctor
189,52,doctor,doctor
189,58,doctor,doctor
189,59,doctor,doctor
189,60,doctor,doctor
189,60,man,man
189,61,doctor,doctor
189,62,doctor,doctor
189,65,doctor,doctor
189,66,doctor,doctor
189,67,doctor,doctor
189,71,doctor,doctor
189,72,doctor,doctor
189,72,friends,friends
189,75,doctor,doctor
189,80,friends,friends
189,80,doctor,doctor
189,83,doctor,doctor
190,1,man,man
190,1,Jiggins,jiggins
190,7,Jiggins,jiggins
190,10,Jiggins,jiggins
190,10,dog,dog
190,12,dog,dog
190,24,Jiggins,jiggins
190,25,men,men
190,59,boy,boy
190,63,man,man
190,77,Fido,fido
191,11,men,men
191,20,man,man
191,22,men,men
191,31,men,men
191,41,man,man
191,52,men,men
191,53,man,man
191,53,boy,boy
191,53,boys,boys
191,57,man,man
191,60,man,man
191,70,men,men
191,73,man,man
191,74,dog,dog
191,81,men,men
191,90,man,man
191,92,man,man
191,99,man,man
191,109,man,man
192,15,man,man
192,30,men,men
192,37,son,son
192,43,Mr Montgomery,mr montgomery
192,43,gentleman,gentleman
192,81,man,man
193,1,men,men
193,3,friend,friend
193,16,friend,friend
193,29,friend,friend
193,30,lady,lady
194,4,Mrs De,mrs de
194,4,Mrs De Smythe,mrs de smythe
194,4,Mr Alonzo,mr alonzo
194,4,Miss Carlotta Jones,miss carlotta jones
194,8,Mr De Smythe,mr de smythe
194,9,Mr De Smythe,mr de smythe
194,9,Master,master
194,9,Master,master
194,10,gentlemen,gentlemen
194,11,Miss Melinda De Smythe,miss melinda de smythe
194,14,Mr De Smythe,mr de smythe
194,14,daughter,daughter
194,15,Mr De Smythe,mr de smythe
194,20,bird,bird
194,23,horse,horse
194,24,Mrs McFiggin,mrs mcfiggin
194,31,Mrs McFiggin,mrs mcfiggin
194,32,gentlemen,gentlemen
194,34,Mr McFiggin,mr mcfiggin
194,37,Mr Whiner,mr whiner
194,38,gentleman,gentleman
194,43,Mr Alonzo Robinson Yesterday,mr alonzo robinson yesterday
194,43,Mr Alonzo Robinson,mr alonzo robinson
194,44,Master,master
194,45,Master,master
194,46,Mr Robinson,mr robinson
194,46,Master,master
194,47,Mr Robinson,mr robinson
194,54,Mr Robinson,mr robinson
195,5,friend,friend
195,5,Jones,jones
195,5,man,man
195,8,friends,friends
195,10,lady,lady
195,11,Mr,mr
195,11,Jones,jones
195,12,Jones,jones
195,20,lady,lady
195,21,Jones,jones
195,21,husband,husband
195,23,Papa,papa
195,25,Jones,jones
195,26,Mr,mr
195,26,Jones,jones
195,28,wife,wife
195,28,brother,brother
195,28,boy,boy
195,28,friend,friend
195,28,dog,dog
195,28,papa,papa
195,29,Jones,jones
195,31,Jones,jones
195,37,child,child
195,37,Mr,mr
195,37,papa,papa
195,38,Papa,papa
195,38,Jones,jones
195,40,papa,papa
195,40,Jones,jones
195,40,Jones,jones
195,41,Jones,jones
195,41,papa,papa
195,41,Jones,jones
195,42,papa,papa
195,42,Jones,jones
195,42,baby,baby
195,45,papa,papa
195,45,Jones,jones
195,48,man,man
195,48,child,child
195,52,friend,friend
195,57,friend,friend
195,66,cat,cat
196,3,Jones,jones
196,5,boy,boy
196,7,Jones,jones
196,9,Jones,jones
196,13,kids,kids
196,16,Jones,jones
196,21,child,child
196,26,Santa Claus,santa claus
196,27,Santa Claus,santa claus
196,32,Jones,jones
196,35,kid,kid
196,40,Jones,jones
196,42,Jones,jones
196,45,Mrs Brown,mrs brown
196,49,Mrs,mrs
196,49,Jones,jones
196,50,Children,children
196,54,Mrs Brown,mrs brown
196,58,Mrs,mrs
196,58,Jones,jones
196,61,Santa Claus,santa claus
196,62,child,child
196,62,Santa Claus,santa claus
196,63,Mrs,mrs
196,63,Jones,jones
196,63,Mrs Brown,mrs brown
196,63,children,children
196,64,children,children
196,66,Jones,jones
196,68,Dad,dad
196,71,Father,father
196,73,Men,men
196,85,Dad,dad
196,86,Santa Claus,santa claus
196,87,Santa Claus,santa claus
196,88,mother,mother
196,101,Santa Claus,santa claus
196,102,Santa Claus,santa claus
196,111,Jones,jones
196,112,Jones,jones
196,112,boy,boy
196,113,Santa Claus,santa claus
196,116,Jones,jones
196,116,Mrs Brown,mrs brown
196,116,Mrs,mrs
196,116,Jones,jones
196,116,boys,boys
197,1,friends,friends
197,4,elephant,elephant
197,14,Indoor Football,indoor football
197,18,Down,down
197,19,Down,down
197,27,Grand Slam,grand slam
197,31,Suburban Trolley Car,suburban trolley car
198,1,bear,bear
198,1,King,king
198,2,bear,bear
198,3,man,man
198,4,bear,bear
198,6,rabbit,rabbit
198,10,man,man
198,13,bear,bear
198,15,men,men
198,17,man,man
198,23,bear,bear
198,27,Joe Gee,joe gee
198,32,bear,bear
198,79,man,man
198,87,wife,wife
198,89,man,man
198,90,bear,bear
198,95,Joe Gee,joe gee
198,95,bear,bear
198,99,bear,bear
199,6,giant,giant
199,19,giant,giant
200,9,Yog-Sothoth,yog-sothoth